implementation,trial_id,validator_parent_complete,service_effect,evidence_class
pre_correction,a5-001,false,false,manuscript_summary_correction_control
pre_correction,a5-002,false,false,manuscript_summary_correction_control
pre_correction,a5-003,false,false,manuscript_summary_correction_control
pre_correction,a5-004,false,false,manuscript_summary_correction_control
pre_correction,a5-005,false,false,manuscript_summary_correction_control
pre_correction,a5-006,false,false,manuscript_summary_correction_control
pre_correction,a5-007,false,false,manuscript_summary_correction_control
pre_correction,a5-008,false,false,manuscript_summary_correction_control
pre_correction,a5-009,false,false,manuscript_summary_correction_control
pre_correction,a5-010,false,false,manuscript_summary_correction_control
pre_correction,a5-011,false,false,manuscript_summary_correction_control
pre_correction,a5-012,false,false,manuscript_summary_correction_control
pre_correction,a5-013,false,false,manuscript_summary_correction_control
pre_correction,a5-014,false,false,manuscript_summary_correction_control
pre_correction,a5-015,false,false,manuscript_summary_correction_control
pre_correction,a5-016,false,false,manuscript_summary_correction_control
pre_correction,a5-017,false,false,manuscript_summary_correction_control
pre_correction,a5-018,false,false,manuscript_summary_correction_control
pre_correction,a5-019,false,false,manuscript_summary_correction_control
pre_correction,a5-020,false,false,manuscript_summary_correction_control
pre_correction,a5-021,false,false,manuscript_summary_correction_control
pre_correction,a5-022,false,false,manuscript_summary_correction_control
pre_correction,a5-023,false,false,manuscript_summary_correction_control
pre_correction,a5-024,false,false,manuscript_summary_correction_control
pre_correction,a5-025,false,false,manuscript_summary_correction_control
pre_correction,a5-026,false,false,manuscript_summary_correction_control
pre_correction,a5-027,false,false,manuscript_summary_correction_control
pre_correction,a5-028,false,false,manuscript_summary_correction_control
pre_correction,a5-029,false,false,manuscript_summary_correction_control
pre_correction,a5-030,false,false,manuscript_summary_correction_control
pre_correction,a5-031,false,false,manuscript_summary_correction_control
pre_correction,a5-032,false,false,manuscript_summary_correction_control
pre_correction,a5-033,false,false,manuscript_summary_correction_control
pre_correction,a5-034,false,false,manuscript_summary_correction_control
pre_correction,a5-035,false,false,manuscript_summary_correction_control
pre_correction,a5-036,false,false,manuscript_summary_correction_control
pre_correction,a5-037,false,false,manuscript_summary_correction_control
pre_correction,a5-038,false,false,manuscript_summary_correction_control
pre_correction,a5-039,false,false,manuscript_summary_correction_control
pre_correction,a5-040,false,false,manuscript_summary_correction_control
pre_correction,a5-041,false,false,manuscript_summary_correction_control
pre_correction,a5-042,false,false,manuscript_summary_correction_control
pre_correction,a5-043,false,false,manuscript_summary_correction_control
pre_correction,a5-044,false,false,manuscript_summary_correction_control
pre_correction,a5-045,false,false,manuscript_summary_correction_control
pre_correction,a5-046,false,false,manuscript_summary_correction_control
pre_correction,a5-047,false,false,manuscript_summary_correction_control
pre_correction,a5-048,false,false,manuscript_summary_correction_control
pre_correction,a5-049,false,false,manuscript_summary_correction_control
pre_correction,a5-050,false,false,manuscript_summary_correction_control
pre_correction,a5-051,false,false,manuscript_summary_correction_control
pre_correction,a5-052,false,false,manuscript_summary_correction_control
pre_correction,a5-053,false,false,manuscript_summary_correction_control
pre_correction,a5-054,false,false,manuscript_summary_correction_control
pre_correction,a5-055,false,true,manuscript_summary_correction_control
pre_correction,a5-056,false,false,manuscript_summary_correction_control
pre_correction,a5-057,false,false,manuscript_summary_correction_control
pre_correction,a5-058,false,false,manuscript_summary_correction_control
pre_correction,a5-059,false,false,manuscript_summary_correction_control
pre_correction,a5-060,false,false,manuscript_summary_correction_control
pre_correction,a5-061,false,false,manuscript_summary_correction_control
pre_correction,a5-062,false,false,manuscript_summary_correction_control
pre_correction,a5-063,false,false,manuscript_summary_correction_control
pre_correction,a5-064,false,false,manuscript_summary_correction_control
pre_correction,a5-065,false,false,manuscript_summary_correction_control
pre_correction,a5-066,false,false,manuscript_summary_correction_control
pre_correction,a5-067,false,false,manuscript_summary_correction_control
pre_correction,a5-068,false,false,manuscript_summary_correction_control
pre_correction,a5-069,false,false,manuscript_summary_correction_control
pre_correction,a5-070,false,false,manuscript_summary_correction_control
pre_correction,a5-071,false,false,manuscript_summary_correction_control
pre_correction,a5-072,false,false,manuscript_summary_correction_control
pre_correction,a5-073,false,false,manuscript_summary_correction_control
pre_correction,a5-074,false,false,manuscript_summary_correction_control
pre_correction,a5-075,false,false,manuscript_summary_correction_control
pre_correction,a5-076,false,false,manuscript_summary_correction_control
pre_correction,a5-077,false,false,manuscript_summary_correction_control
pre_correction,a5-078,false,true,manuscript_summary_correction_control
pre_correction,a5-079,false,false,manuscript_summary_correction_control
pre_correction,a5-080,false,false,manuscript_summary_correction_control
pre_correction,a5-081,false,false,manuscript_summary_correction_control
pre_correction,a5-082,false,false,manuscript_summary_correction_control
pre_correction,a5-083,false,false,manuscript_summary_correction_control
pre_correction,a5-084,false,false,manuscript_summary_correction_control
pre_correction,a5-085,false,false,manuscript_summary_correction_control
pre_correction,a5-086,false,false,manuscript_summary_correction_control
pre_correction,a5-087,false,false,manuscript_summary_correction_control
pre_correction,a5-088,false,false,manuscript_summary_correction_control
pre_correction,a5-089,false,false,manuscript_summary_correction_control
pre_correction,a5-090,false,false,manuscript_summary_correction_control
pre_correction,a5-091,false,false,manuscript_summary_correction_control
pre_correction,a5-092,false,false,manuscript_summary_correction_control
pre_correction,a5-093,false,false,manuscript_summary_correction_control
pre_correction,a5-094,false,false,manuscript_summary_correction_control
pre_correction,a5-095,false,false,manuscript_summary_correction_control
pre_correction,a5-096,false,false,manuscript_summary_correction_control
pre_correction,a5-097,false,false,manuscript_summary_correction_control
pre_correction,a5-098,false,false,manuscript_summary_correction_control
pre_correction,a5-099,false,false,manuscript_summary_correction_control
pre_correction,a5-100,false,false,manuscript_summary_correction_control
pre_correction,a5-101,false,false,manuscript_summary_correction_control
pre_correction,a5-102,false,false,manuscript_summary_correction_control
pre_correction,a5-103,false,false,manuscript_summary_correction_control
pre_correction,a5-104,false,false,manuscript_summary_correction_control
pre_correction,a5-105,false,false,manuscript_summary_correction_control
pre_correction,a5-106,false,false,manuscript_summary_correction_control
pre_correction,a5-107,false,false,manuscript_summary_correction_control
pre_correction,a5-108,false,false,manuscript_summary_correction_control
pre_correction,a5-109,false,false,manuscript_summary_correction_control
pre_correction,a5-110,false,false,manuscript_summary_correction_control
pre_correction,a5-111,false,false,manuscript_summary_correction_control
pre_correction,a5-112,false,false,manuscript_summary_correction_control
pre_correction,a5-113,false,false,manuscript_summary_correction_control
pre_correction,a5-114,false,false,manuscript_summary_correction_control
pre_correction,a5-115,false,false,manuscript_summary_correction_control
pre_correction,a5-116,false,false,manuscript_summary_correction_control
pre_correction,a5-117,false,false,manuscript_summary_correction_control
pre_correction,a5-118,false,false,manuscript_summary_correction_control
pre_correction,a5-119,false,true,manuscript_summary_correction_control
pre_correction,a5-120,false,false,manuscript_summary_correction_control
pre_correction,a5-121,false,false,manuscript_summary_correction_control
pre_correction,a5-122,false,false,manuscript_summary_correction_control
pre_correction,a5-123,false,false,manuscript_summary_correction_control
pre_correction,a5-124,false,false,manuscript_summary_correction_control
pre_correction,a5-125,false,false,manuscript_summary_correction_control
pre_correction,a5-126,false,false,manuscript_summary_correction_control
pre_correction,a5-127,false,false,manuscript_summary_correction_control
pre_correction,a5-128,false,false,manuscript_summary_correction_control
pre_correction,a5-129,false,false,manuscript_summary_correction_control
pre_correction,a5-130,false,false,manuscript_summary_correction_control
pre_correction,a5-131,false,false,manuscript_summary_correction_control
pre_correction,a5-132,false,false,manuscript_summary_correction_control
pre_correction,a5-133,false,false,manuscript_summary_correction_control
pre_correction,a5-134,false,false,manuscript_summary_correction_control
pre_correction,a5-135,false,false,manuscript_summary_correction_control
pre_correction,a5-136,false,false,manuscript_summary_correction_control
pre_correction,a5-137,false,false,manuscript_summary_correction_control
pre_correction,a5-138,false,false,manuscript_summary_correction_control
pre_correction,a5-139,false,false,manuscript_summary_correction_control
pre_correction,a5-140,false,false,manuscript_summary_correction_control
pre_correction,a5-141,false,false,manuscript_summary_correction_control
pre_correction,a5-142,false,false,manuscript_summary_correction_control
pre_correction,a5-143,false,false,manuscript_summary_correction_control
pre_correction,a5-144,false,false,manuscript_summary_correction_control
pre_correction,a5-145,false,false,manuscript_summary_correction_control
pre_correction,a5-146,false,false,manuscript_summary_correction_control
pre_correction,a5-147,false,false,manuscript_summary_correction_control
pre_correction,a5-148,false,false,manuscript_summary_correction_control
pre_correction,a5-149,false,false,manuscript_summary_correction_control
pre_correction,a5-150,false,false,manuscript_summary_correction_control
pre_correction,a5-151,false,false,manuscript_summary_correction_control
pre_correction,a5-152,false,false,manuscript_summary_correction_control
pre_correction,a5-153,false,false,manuscript_summary_correction_control
pre_correction,a5-154,false,false,manuscript_summary_correction_control
pre_correction,a5-155,false,false,manuscript_summary_correction_control
pre_correction,a5-156,false,false,manuscript_summary_correction_control
pre_correction,a5-157,false,false,manuscript_summary_correction_control
pre_correction,a5-158,false,false,manuscript_summary_correction_control
pre_correction,a5-159,false,false,manuscript_summary_correction_control
pre_correction,a5-160,false,false,manuscript_summary_correction_control
pre_correction,a5-161,false,false,manuscript_summary_correction_control
pre_correction,a5-162,false,false,manuscript_summary_correction_control
pre_correction,a5-163,false,false,manuscript_summary_correction_control
pre_correction,a5-164,false,false,manuscript_summary_correction_control
pre_correction,a5-165,false,false,manuscript_summary_correction_control
pre_correction,a5-166,false,false,manuscript_summary_correction_control
pre_correction,a5-167,false,false,manuscript_summary_correction_control
pre_correction,a5-168,false,false,manuscript_summary_correction_control
pre_correction,a5-169,false,false,manuscript_summary_correction_control
pre_correction,a5-170,false,false,manuscript_summary_correction_control
pre_correction,a5-171,false,false,manuscript_summary_correction_control
pre_correction,a5-172,false,false,manuscript_summary_correction_control
pre_correction,a5-173,false,false,manuscript_summary_correction_control
pre_correction,a5-174,false,false,manuscript_summary_correction_control
pre_correction,a5-175,false,false,manuscript_summary_correction_control
pre_correction,a5-176,false,false,manuscript_summary_correction_control
pre_correction,a5-177,false,false,manuscript_summary_correction_control
pre_correction,a5-178,false,false,manuscript_summary_correction_control
pre_correction,a5-179,false,false,manuscript_summary_correction_control
pre_correction,a5-180,false,false,manuscript_summary_correction_control
pre_correction,a5-181,false,false,manuscript_summary_correction_control
pre_correction,a5-182,false,false,manuscript_summary_correction_control
pre_correction,a5-183,false,false,manuscript_summary_correction_control
pre_correction,a5-184,false,false,manuscript_summary_correction_control
pre_correction,a5-185,false,false,manuscript_summary_correction_control
pre_correction,a5-186,false,false,manuscript_summary_correction_control
pre_correction,a5-187,false,false,manuscript_summary_correction_control
pre_correction,a5-188,false,false,manuscript_summary_correction_control
pre_correction,a5-189,false,false,manuscript_summary_correction_control
pre_correction,a5-190,false,false,manuscript_summary_correction_control
pre_correction,a5-191,false,false,manuscript_summary_correction_control
pre_correction,a5-192,false,false,manuscript_summary_correction_control
pre_correction,a5-193,false,false,manuscript_summary_correction_control
pre_correction,a5-194,false,false,manuscript_summary_correction_control
pre_correction,a5-195,false,false,manuscript_summary_correction_control
pre_correction,a5-196,false,false,manuscript_summary_correction_control
pre_correction,a5-197,false,false,manuscript_summary_correction_control
pre_correction,a5-198,false,false,manuscript_summary_correction_control
pre_correction,a5-199,false,false,manuscript_summary_correction_control
pre_correction,a5-200,false,false,manuscript_summary_correction_control
pre_correction,a5-201,false,false,manuscript_summary_correction_control
pre_correction,a5-202,false,false,manuscript_summary_correction_control
pre_correction,a5-203,false,false,manuscript_summary_correction_control
pre_correction,a5-204,false,false,manuscript_summary_correction_control
pre_correction,a5-205,false,false,manuscript_summary_correction_control
pre_correction,a5-206,false,false,manuscript_summary_correction_control
pre_correction,a5-207,false,false,manuscript_summary_correction_control
pre_correction,a5-208,false,false,manuscript_summary_correction_control
pre_correction,a5-209,false,false,manuscript_summary_correction_control
pre_correction,a5-210,false,false,manuscript_summary_correction_control
pre_correction,a5-211,false,false,manuscript_summary_correction_control
pre_correction,a5-212,false,false,manuscript_summary_correction_control
pre_correction,a5-213,false,false,manuscript_summary_correction_control
pre_correction,a5-214,false,false,manuscript_summary_correction_control
pre_correction,a5-215,false,false,manuscript_summary_correction_control
pre_correction,a5-216,false,false,manuscript_summary_correction_control
pre_correction,a5-217,false,false,manuscript_summary_correction_control
pre_correction,a5-218,false,false,manuscript_summary_correction_control
pre_correction,a5-219,false,false,manuscript_summary_correction_control
pre_correction,a5-220,false,false,manuscript_summary_correction_control
pre_correction,a5-221,false,false,manuscript_summary_correction_control
pre_correction,a5-222,false,false,manuscript_summary_correction_control
pre_correction,a5-223,false,false,manuscript_summary_correction_control
pre_correction,a5-224,false,false,manuscript_summary_correction_control
pre_correction,a5-225,false,false,manuscript_summary_correction_control
pre_correction,a5-226,false,false,manuscript_summary_correction_control
pre_correction,a5-227,false,false,manuscript_summary_correction_control
pre_correction,a5-228,false,false,manuscript_summary_correction_control
pre_correction,a5-229,false,false,manuscript_summary_correction_control
pre_correction,a5-230,false,false,manuscript_summary_correction_control
pre_correction,a5-231,false,false,manuscript_summary_correction_control
pre_correction,a5-232,false,false,manuscript_summary_correction_control
pre_correction,a5-233,false,false,manuscript_summary_correction_control
pre_correction,a5-234,false,false,manuscript_summary_correction_control
pre_correction,a5-235,false,false,manuscript_summary_correction_control
pre_correction,a5-236,false,false,manuscript_summary_correction_control
pre_correction,a5-237,false,false,manuscript_summary_correction_control
pre_correction,a5-238,false,false,manuscript_summary_correction_control
pre_correction,a5-239,false,false,manuscript_summary_correction_control
pre_correction,a5-240,false,false,manuscript_summary_correction_control
pre_correction,a5-241,false,false,manuscript_summary_correction_control
pre_correction,a5-242,false,false,manuscript_summary_correction_control
pre_correction,a5-243,false,false,manuscript_summary_correction_control
pre_correction,a5-244,false,false,manuscript_summary_correction_control
pre_correction,a5-245,false,false,manuscript_summary_correction_control
pre_correction,a5-246,false,false,manuscript_summary_correction_control
pre_correction,a5-247,false,false,manuscript_summary_correction_control
pre_correction,a5-248,false,false,manuscript_summary_correction_control
pre_correction,a5-249,false,false,manuscript_summary_correction_control
pre_correction,a5-250,false,false,manuscript_summary_correction_control
pre_correction,a5-251,false,false,manuscript_summary_correction_control
pre_correction,a5-252,false,false,manuscript_summary_correction_control
pre_correction,a5-253,false,false,manuscript_summary_correction_control
pre_correction,a5-254,false,false,manuscript_summary_correction_control
pre_correction,a5-255,false,false,manuscript_summary_correction_control
pre_correction,a5-256,false,false,manuscript_summary_correction_control
pre_correction,a5-257,false,false,manuscript_summary_correction_control
pre_correction,a5-258,false,false,manuscript_summary_correction_control
pre_correction,a5-259,false,false,manuscript_summary_correction_control
pre_correction,a5-260,false,false,manuscript_summary_correction_control
pre_correction,a5-261,false,false,manuscript_summary_correction_control
pre_correction,a5-262,false,false,manuscript_summary_correction_control
pre_correction,a5-263,false,false,manuscript_summary_correction_control
pre_correction,a5-264,false,false,manuscript_summary_correction_control
pre_correction,a5-265,false,false,manuscript_summary_correction_control
pre_correction,a5-266,false,false,manuscript_summary_correction_control
pre_correction,a5-267,false,false,manuscript_summary_correction_control
pre_correction,a5-268,false,false,manuscript_summary_correction_control
pre_correction,a5-269,false,false,manuscript_summary_correction_control
pre_correction,a5-270,false,false,manuscript_summary_correction_control
pre_correction,a5-271,false,true,manuscript_summary_correction_control
pre_correction,a5-272,false,false,manuscript_summary_correction_control
pre_correction,a5-273,false,false,manuscript_summary_correction_control
pre_correction,a5-274,false,false,manuscript_summary_correction_control
pre_correction,a5-275,false,false,manuscript_summary_correction_control
pre_correction,a5-276,false,false,manuscript_summary_correction_control
pre_correction,a5-277,false,false,manuscript_summary_correction_control
pre_correction,a5-278,false,false,manuscript_summary_correction_control
pre_correction,a5-279,false,false,manuscript_summary_correction_control
pre_correction,a5-280,false,false,manuscript_summary_correction_control
pre_correction,a5-281,false,false,manuscript_summary_correction_control
pre_correction,a5-282,false,false,manuscript_summary_correction_control
pre_correction,a5-283,false,false,manuscript_summary_correction_control
pre_correction,a5-284,false,false,manuscript_summary_correction_control
pre_correction,a5-285,false,false,manuscript_summary_correction_control
pre_correction,a5-286,false,false,manuscript_summary_correction_control
pre_correction,a5-287,false,false,manuscript_summary_correction_control
pre_correction,a5-288,false,false,manuscript_summary_correction_control
pre_correction,a5-289,false,false,manuscript_summary_correction_control
pre_correction,a5-290,false,false,manuscript_summary_correction_control
pre_correction,a5-291,false,false,manuscript_summary_correction_control
pre_correction,a5-292,false,false,manuscript_summary_correction_control
pre_correction,a5-293,false,false,manuscript_summary_correction_control
pre_correction,a5-294,false,false,manuscript_summary_correction_control
pre_correction,a5-295,false,false,manuscript_summary_correction_control
pre_correction,a5-296,false,false,manuscript_summary_correction_control
pre_correction,a5-297,false,false,manuscript_summary_correction_control
pre_correction,a5-298,false,false,manuscript_summary_correction_control
pre_correction,a5-299,false,false,manuscript_summary_correction_control
pre_correction,a5-300,false,false,manuscript_summary_correction_control
pre_correction,a5-301,false,false,manuscript_summary_correction_control
pre_correction,a5-302,false,false,manuscript_summary_correction_control
pre_correction,a5-303,false,false,manuscript_summary_correction_control
pre_correction,a5-304,false,false,manuscript_summary_correction_control
pre_correction,a5-305,false,false,manuscript_summary_correction_control
pre_correction,a5-306,false,false,manuscript_summary_correction_control
pre_correction,a5-307,false,false,manuscript_summary_correction_control
pre_correction,a5-308,false,false,manuscript_summary_correction_control
pre_correction,a5-309,false,false,manuscript_summary_correction_control
pre_correction,a5-310,false,false,manuscript_summary_correction_control
pre_correction,a5-311,false,false,manuscript_summary_correction_control
pre_correction,a5-312,false,false,manuscript_summary_correction_control
pre_correction,a5-313,false,false,manuscript_summary_correction_control
pre_correction,a5-314,false,false,manuscript_summary_correction_control
pre_correction,a5-315,false,false,manuscript_summary_correction_control
pre_correction,a5-316,false,false,manuscript_summary_correction_control
pre_correction,a5-317,false,false,manuscript_summary_correction_control
pre_correction,a5-318,false,false,manuscript_summary_correction_control
pre_correction,a5-319,false,false,manuscript_summary_correction_control
pre_correction,a5-320,false,false,manuscript_summary_correction_control
pre_correction,a5-321,false,false,manuscript_summary_correction_control
pre_correction,a5-322,false,false,manuscript_summary_correction_control
pre_correction,a5-323,false,false,manuscript_summary_correction_control
pre_correction,a5-324,false,false,manuscript_summary_correction_control
pre_correction,a5-325,false,false,manuscript_summary_correction_control
pre_correction,a5-326,false,false,manuscript_summary_correction_control
pre_correction,a5-327,false,false,manuscript_summary_correction_control
pre_correction,a5-328,false,false,manuscript_summary_correction_control
pre_correction,a5-329,false,false,manuscript_summary_correction_control
pre_correction,a5-330,false,false,manuscript_summary_correction_control
pre_correction,a5-331,false,false,manuscript_summary_correction_control
pre_correction,a5-332,false,false,manuscript_summary_correction_control
pre_correction,a5-333,false,false,manuscript_summary_correction_control
pre_correction,a5-334,false,false,manuscript_summary_correction_control
pre_correction,a5-335,false,false,manuscript_summary_correction_control
pre_correction,a5-336,false,false,manuscript_summary_correction_control
pre_correction,a5-337,false,false,manuscript_summary_correction_control
pre_correction,a5-338,false,false,manuscript_summary_correction_control
pre_correction,a5-339,false,false,manuscript_summary_correction_control
pre_correction,a5-340,false,false,manuscript_summary_correction_control
pre_correction,a5-341,false,false,manuscript_summary_correction_control
pre_correction,a5-342,false,false,manuscript_summary_correction_control
pre_correction,a5-343,false,false,manuscript_summary_correction_control
pre_correction,a5-344,false,false,manuscript_summary_correction_control
pre_correction,a5-345,false,false,manuscript_summary_correction_control
pre_correction,a5-346,false,false,manuscript_summary_correction_control
pre_correction,a5-347,false,false,manuscript_summary_correction_control
pre_correction,a5-348,false,false,manuscript_summary_correction_control
pre_correction,a5-349,false,false,manuscript_summary_correction_control
pre_correction,a5-350,false,false,manuscript_summary_correction_control
pre_correction,a5-351,false,false,manuscript_summary_correction_control
pre_correction,a5-352,false,false,manuscript_summary_correction_control
pre_correction,a5-353,false,false,manuscript_summary_correction_control
pre_correction,a5-354,false,false,manuscript_summary_correction_control
pre_correction,a5-355,false,false,manuscript_summary_correction_control
pre_correction,a5-356,false,false,manuscript_summary_correction_control
pre_correction,a5-357,false,false,manuscript_summary_correction_control
pre_correction,a5-358,false,false,manuscript_summary_correction_control
pre_correction,a5-359,false,false,manuscript_summary_correction_control
pre_correction,a5-360,false,false,manuscript_summary_correction_control
pre_correction,a5-361,false,false,manuscript_summary_correction_control
pre_correction,a5-362,false,false,manuscript_summary_correction_control
pre_correction,a5-363,false,false,manuscript_summary_correction_control
pre_correction,a5-364,false,false,manuscript_summary_correction_control
pre_correction,a5-365,false,false,manuscript_summary_correction_control
pre_correction,a5-366,false,false,manuscript_summary_correction_control
pre_correction,a5-367,false,false,manuscript_summary_correction_control
pre_correction,a5-368,false,false,manuscript_summary_correction_control
pre_correction,a5-369,false,false,manuscript_summary_correction_control
pre_correction,a5-370,false,false,manuscript_summary_correction_control
pre_correction,a5-371,false,false,manuscript_summary_correction_control
pre_correction,a5-372,false,false,manuscript_summary_correction_control
pre_correction,a5-373,false,false,manuscript_summary_correction_control
pre_correction,a5-374,false,false,manuscript_summary_correction_control
pre_correction,a5-375,false,false,manuscript_summary_correction_control
pre_correction,a5-376,false,false,manuscript_summary_correction_control
pre_correction,a5-377,false,false,manuscript_summary_correction_control
pre_correction,a5-378,false,false,manuscript_summary_correction_control
pre_correction,a5-379,false,false,manuscript_summary_correction_control
pre_correction,a5-380,false,false,manuscript_summary_correction_control
pre_correction,a5-381,false,false,manuscript_summary_correction_control
pre_correction,a5-382,false,false,manuscript_summary_correction_control
pre_correction,a5-383,false,false,manuscript_summary_correction_control
pre_correction,a5-384,false,false,manuscript_summary_correction_control
pre_correction,a5-385,false,false,manuscript_summary_correction_control
pre_correction,a5-386,false,false,manuscript_summary_correction_control
pre_correction,a5-387,false,false,manuscript_summary_correction_control
pre_correction,a5-388,false,false,manuscript_summary_correction_control
pre_correction,a5-389,false,false,manuscript_summary_correction_control
pre_correction,a5-390,false,false,manuscript_summary_correction_control
pre_correction,a5-391,false,false,manuscript_summary_correction_control
pre_correction,a5-392,false,false,manuscript_summary_correction_control
pre_correction,a5-393,false,false,manuscript_summary_correction_control
pre_correction,a5-394,false,false,manuscript_summary_correction_control
pre_correction,a5-395,false,false,manuscript_summary_correction_control
pre_correction,a5-396,false,false,manuscript_summary_correction_control
pre_correction,a5-397,false,false,manuscript_summary_correction_control
pre_correction,a5-398,false,false,manuscript_summary_correction_control
pre_correction,a5-399,false,false,manuscript_summary_correction_control
pre_correction,a5-400,false,false,manuscript_summary_correction_control
pre_correction,a5-401,false,false,manuscript_summary_correction_control
pre_correction,a5-402,false,false,manuscript_summary_correction_control
pre_correction,a5-403,false,false,manuscript_summary_correction_control
pre_correction,a5-404,false,false,manuscript_summary_correction_control
pre_correction,a5-405,false,false,manuscript_summary_correction_control
pre_correction,a5-406,false,false,manuscript_summary_correction_control
pre_correction,a5-407,false,false,manuscript_summary_correction_control
pre_correction,a5-408,false,false,manuscript_summary_correction_control
pre_correction,a5-409,false,false,manuscript_summary_correction_control
pre_correction,a5-410,false,false,manuscript_summary_correction_control
pre_correction,a5-411,false,false,manuscript_summary_correction_control
pre_correction,a5-412,false,false,manuscript_summary_correction_control
pre_correction,a5-413,false,false,manuscript_summary_correction_control
pre_correction,a5-414,false,false,manuscript_summary_correction_control
pre_correction,a5-415,false,false,manuscript_summary_correction_control
pre_correction,a5-416,false,false,manuscript_summary_correction_control
pre_correction,a5-417,false,false,manuscript_summary_correction_control
pre_correction,a5-418,false,false,manuscript_summary_correction_control
pre_correction,a5-419,false,false,manuscript_summary_correction_control
pre_correction,a5-420,false,false,manuscript_summary_correction_control
pre_correction,a5-421,false,false,manuscript_summary_correction_control
pre_correction,a5-422,false,false,manuscript_summary_correction_control
pre_correction,a5-423,false,false,manuscript_summary_correction_control
pre_correction,a5-424,false,false,manuscript_summary_correction_control
pre_correction,a5-425,false,false,manuscript_summary_correction_control
pre_correction,a5-426,false,false,manuscript_summary_correction_control
pre_correction,a5-427,false,false,manuscript_summary_correction_control
pre_correction,a5-428,false,false,manuscript_summary_correction_control
pre_correction,a5-429,false,false,manuscript_summary_correction_control
pre_correction,a5-430,false,false,manuscript_summary_correction_control
pre_correction,a5-431,false,false,manuscript_summary_correction_control
pre_correction,a5-432,false,false,manuscript_summary_correction_control
pre_correction,a5-433,false,false,manuscript_summary_correction_control
pre_correction,a5-434,false,false,manuscript_summary_correction_control
pre_correction,a5-435,false,false,manuscript_summary_correction_control
pre_correction,a5-436,false,false,manuscript_summary_correction_control
pre_correction,a5-437,false,false,manuscript_summary_correction_control
pre_correction,a5-438,false,false,manuscript_summary_correction_control
pre_correction,a5-439,false,false,manuscript_summary_correction_control
pre_correction,a5-440,false,false,manuscript_summary_correction_control
pre_correction,a5-441,false,false,manuscript_summary_correction_control
pre_correction,a5-442,false,false,manuscript_summary_correction_control
pre_correction,a5-443,false,false,manuscript_summary_correction_control
pre_correction,a5-444,false,false,manuscript_summary_correction_control
pre_correction,a5-445,false,false,manuscript_summary_correction_control
pre_correction,a5-446,false,false,manuscript_summary_correction_control
pre_correction,a5-447,false,false,manuscript_summary_correction_control
pre_correction,a5-448,false,false,manuscript_summary_correction_control
pre_correction,a5-449,false,false,manuscript_summary_correction_control
pre_correction,a5-450,false,false,manuscript_summary_correction_control
pre_correction,a5-451,false,false,manuscript_summary_correction_control
pre_correction,a5-452,false,false,manuscript_summary_correction_control
pre_correction,a5-453,false,false,manuscript_summary_correction_control
pre_correction,a5-454,false,false,manuscript_summary_correction_control
pre_correction,a5-455,false,false,manuscript_summary_correction_control
pre_correction,a5-456,false,false,manuscript_summary_correction_control
pre_correction,a5-457,false,false,manuscript_summary_correction_control
pre_correction,a5-458,false,false,manuscript_summary_correction_control
pre_correction,a5-459,false,false,manuscript_summary_correction_control
pre_correction,a5-460,false,false,manuscript_summary_correction_control
pre_correction,a5-461,false,false,manuscript_summary_correction_control
pre_correction,a5-462,false,false,manuscript_summary_correction_control
pre_correction,a5-463,false,false,manuscript_summary_correction_control
pre_correction,a5-464,false,false,manuscript_summary_correction_control
pre_correction,a5-465,false,false,manuscript_summary_correction_control
pre_correction,a5-466,false,false,manuscript_summary_correction_control
pre_correction,a5-467,false,false,manuscript_summary_correction_control
pre_correction,a5-468,false,false,manuscript_summary_correction_control
pre_correction,a5-469,false,false,manuscript_summary_correction_control
pre_correction,a5-470,false,false,manuscript_summary_correction_control
pre_correction,a5-471,false,false,manuscript_summary_correction_control
pre_correction,a5-472,false,false,manuscript_summary_correction_control
pre_correction,a5-473,false,false,manuscript_summary_correction_control
pre_correction,a5-474,false,false,manuscript_summary_correction_control
pre_correction,a5-475,false,false,manuscript_summary_correction_control
pre_correction,a5-476,false,false,manuscript_summary_correction_control
pre_correction,a5-477,false,false,manuscript_summary_correction_control
pre_correction,a5-478,false,false,manuscript_summary_correction_control
pre_correction,a5-479,false,false,manuscript_summary_correction_control
pre_correction,a5-480,false,false,manuscript_summary_correction_control
pre_correction,a5-481,false,false,manuscript_summary_correction_control
pre_correction,a5-482,false,false,manuscript_summary_correction_control
pre_correction,a5-483,false,false,manuscript_summary_correction_control
pre_correction,a5-484,false,false,manuscript_summary_correction_control
pre_correction,a5-485,false,false,manuscript_summary_correction_control
pre_correction,a5-486,false,false,manuscript_summary_correction_control
pre_correction,a5-487,false,false,manuscript_summary_correction_control
pre_correction,a5-488,false,false,manuscript_summary_correction_control
pre_correction,a5-489,false,false,manuscript_summary_correction_control
pre_correction,a5-490,false,false,manuscript_summary_correction_control
pre_correction,a5-491,false,false,manuscript_summary_correction_control
pre_correction,a5-492,false,false,manuscript_summary_correction_control
pre_correction,a5-493,false,false,manuscript_summary_correction_control
pre_correction,a5-494,false,false,manuscript_summary_correction_control
pre_correction,a5-495,false,false,manuscript_summary_correction_control
pre_correction,a5-496,false,false,manuscript_summary_correction_control
pre_correction,a5-497,false,false,manuscript_summary_correction_control
pre_correction,a5-498,false,false,manuscript_summary_correction_control
pre_correction,a5-499,false,false,manuscript_summary_correction_control
pre_correction,a5-500,false,false,manuscript_summary_correction_control
corrected,a5-001,true,false,manuscript_summary_correction_control
corrected,a5-002,true,false,manuscript_summary_correction_control
corrected,a5-003,true,false,manuscript_summary_correction_control
corrected,a5-004,true,false,manuscript_summary_correction_control
corrected,a5-005,true,false,manuscript_summary_correction_control
corrected,a5-006,true,false,manuscript_summary_correction_control
corrected,a5-007,true,false,manuscript_summary_correction_control
corrected,a5-008,true,false,manuscript_summary_correction_control
corrected,a5-009,true,false,manuscript_summary_correction_control
corrected,a5-010,true,false,manuscript_summary_correction_control
corrected,a5-011,true,false,manuscript_summary_correction_control
corrected,a5-012,true,false,manuscript_summary_correction_control
corrected,a5-013,true,false,manuscript_summary_correction_control
corrected,a5-014,true,false,manuscript_summary_correction_control
corrected,a5-015,true,false,manuscript_summary_correction_control
corrected,a5-016,true,false,manuscript_summary_correction_control
corrected,a5-017,true,false,manuscript_summary_correction_control
corrected,a5-018,true,false,manuscript_summary_correction_control
corrected,a5-019,true,false,manuscript_summary_correction_control
corrected,a5-020,true,false,manuscript_summary_correction_control
corrected,a5-021,true,false,manuscript_summary_correction_control
corrected,a5-022,true,false,manuscript_summary_correction_control
corrected,a5-023,true,false,manuscript_summary_correction_control
corrected,a5-024,true,false,manuscript_summary_correction_control
corrected,a5-025,true,false,manuscript_summary_correction_control
corrected,a5-026,true,false,manuscript_summary_correction_control
corrected,a5-027,true,false,manuscript_summary_correction_control
corrected,a5-028,true,false,manuscript_summary_correction_control
corrected,a5-029,true,false,manuscript_summary_correction_control
corrected,a5-030,true,false,manuscript_summary_correction_control
corrected,a5-031,true,false,manuscript_summary_correction_control
corrected,a5-032,true,false,manuscript_summary_correction_control
corrected,a5-033,true,false,manuscript_summary_correction_control
corrected,a5-034,true,false,manuscript_summary_correction_control
corrected,a5-035,true,false,manuscript_summary_correction_control
corrected,a5-036,true,false,manuscript_summary_correction_control
corrected,a5-037,true,false,manuscript_summary_correction_control
corrected,a5-038,true,false,manuscript_summary_correction_control
corrected,a5-039,true,false,manuscript_summary_correction_control
corrected,a5-040,true,false,manuscript_summary_correction_control
corrected,a5-041,true,false,manuscript_summary_correction_control
corrected,a5-042,true,false,manuscript_summary_correction_control
corrected,a5-043,true,false,manuscript_summary_correction_control
corrected,a5-044,true,false,manuscript_summary_correction_control
corrected,a5-045,true,false,manuscript_summary_correction_control
corrected,a5-046,true,false,manuscript_summary_correction_control
corrected,a5-047,true,false,manuscript_summary_correction_control
corrected,a5-048,true,false,manuscript_summary_correction_control
corrected,a5-049,true,false,manuscript_summary_correction_control
corrected,a5-050,true,false,manuscript_summary_correction_control
corrected,a5-051,true,false,manuscript_summary_correction_control
corrected,a5-052,true,false,manuscript_summary_correction_control
corrected,a5-053,true,false,manuscript_summary_correction_control
corrected,a5-054,true,false,manuscript_summary_correction_control
corrected,a5-055,true,false,manuscript_summary_correction_control
corrected,a5-056,true,false,manuscript_summary_correction_control
corrected,a5-057,true,false,manuscript_summary_correction_control
corrected,a5-058,true,false,manuscript_summary_correction_control
corrected,a5-059,true,false,manuscript_summary_correction_control
corrected,a5-060,true,false,manuscript_summary_correction_control
corrected,a5-061,true,false,manuscript_summary_correction_control
corrected,a5-062,true,false,manuscript_summary_correction_control
corrected,a5-063,true,false,manuscript_summary_correction_control
corrected,a5-064,true,false,manuscript_summary_correction_control
corrected,a5-065,true,false,manuscript_summary_correction_control
corrected,a5-066,true,false,manuscript_summary_correction_control
corrected,a5-067,true,false,manuscript_summary_correction_control
corrected,a5-068,true,false,manuscript_summary_correction_control
corrected,a5-069,true,false,manuscript_summary_correction_control
corrected,a5-070,true,false,manuscript_summary_correction_control
corrected,a5-071,true,false,manuscript_summary_correction_control
corrected,a5-072,true,false,manuscript_summary_correction_control
corrected,a5-073,true,false,manuscript_summary_correction_control
corrected,a5-074,true,false,manuscript_summary_correction_control
corrected,a5-075,true,false,manuscript_summary_correction_control
corrected,a5-076,true,false,manuscript_summary_correction_control
corrected,a5-077,true,false,manuscript_summary_correction_control
corrected,a5-078,true,false,manuscript_summary_correction_control
corrected,a5-079,true,false,manuscript_summary_correction_control
corrected,a5-080,true,false,manuscript_summary_correction_control
corrected,a5-081,true,false,manuscript_summary_correction_control
corrected,a5-082,true,false,manuscript_summary_correction_control
corrected,a5-083,true,false,manuscript_summary_correction_control
corrected,a5-084,true,false,manuscript_summary_correction_control
corrected,a5-085,true,false,manuscript_summary_correction_control
corrected,a5-086,true,false,manuscript_summary_correction_control
corrected,a5-087,true,false,manuscript_summary_correction_control
corrected,a5-088,true,false,manuscript_summary_correction_control
corrected,a5-089,true,false,manuscript_summary_correction_control
corrected,a5-090,true,false,manuscript_summary_correction_control
corrected,a5-091,true,false,manuscript_summary_correction_control
corrected,a5-092,true,false,manuscript_summary_correction_control
corrected,a5-093,true,false,manuscript_summary_correction_control
corrected,a5-094,true,false,manuscript_summary_correction_control
corrected,a5-095,true,false,manuscript_summary_correction_control
corrected,a5-096,true,false,manuscript_summary_correction_control
corrected,a5-097,true,false,manuscript_summary_correction_control
corrected,a5-098,true,false,manuscript_summary_correction_control
corrected,a5-099,true,false,manuscript_summary_correction_control
corrected,a5-100,true,false,manuscript_summary_correction_control
corrected,a5-101,true,false,manuscript_summary_correction_control
corrected,a5-102,true,false,manuscript_summary_correction_control
corrected,a5-103,true,false,manuscript_summary_correction_control
corrected,a5-104,true,false,manuscript_summary_correction_control
corrected,a5-105,true,false,manuscript_summary_correction_control
corrected,a5-106,true,false,manuscript_summary_correction_control
corrected,a5-107,true,false,manuscript_summary_correction_control
corrected,a5-108,true,false,manuscript_summary_correction_control
corrected,a5-109,true,false,manuscript_summary_correction_control
corrected,a5-110,true,false,manuscript_summary_correction_control
corrected,a5-111,true,false,manuscript_summary_correction_control
corrected,a5-112,true,false,manuscript_summary_correction_control
corrected,a5-113,true,false,manuscript_summary_correction_control
corrected,a5-114,true,false,manuscript_summary_correction_control
corrected,a5-115,true,false,manuscript_summary_correction_control
corrected,a5-116,true,false,manuscript_summary_correction_control
corrected,a5-117,true,false,manuscript_summary_correction_control
corrected,a5-118,true,false,manuscript_summary_correction_control
corrected,a5-119,true,false,manuscript_summary_correction_control
corrected,a5-120,true,false,manuscript_summary_correction_control
corrected,a5-121,true,false,manuscript_summary_correction_control
corrected,a5-122,true,false,manuscript_summary_correction_control
corrected,a5-123,true,false,manuscript_summary_correction_control
corrected,a5-124,true,false,manuscript_summary_correction_control
corrected,a5-125,true,false,manuscript_summary_correction_control
corrected,a5-126,true,false,manuscript_summary_correction_control
corrected,a5-127,true,false,manuscript_summary_correction_control
corrected,a5-128,true,false,manuscript_summary_correction_control
corrected,a5-129,true,false,manuscript_summary_correction_control
corrected,a5-130,true,false,manuscript_summary_correction_control
corrected,a5-131,true,false,manuscript_summary_correction_control
corrected,a5-132,true,false,manuscript_summary_correction_control
corrected,a5-133,true,false,manuscript_summary_correction_control
corrected,a5-134,true,false,manuscript_summary_correction_control
corrected,a5-135,true,false,manuscript_summary_correction_control
corrected,a5-136,true,false,manuscript_summary_correction_control
corrected,a5-137,true,false,manuscript_summary_correction_control
corrected,a5-138,true,false,manuscript_summary_correction_control
corrected,a5-139,true,false,manuscript_summary_correction_control
corrected,a5-140,true,false,manuscript_summary_correction_control
corrected,a5-141,true,false,manuscript_summary_correction_control
corrected,a5-142,true,false,manuscript_summary_correction_control
corrected,a5-143,true,false,manuscript_summary_correction_control
corrected,a5-144,true,false,manuscript_summary_correction_control
corrected,a5-145,true,false,manuscript_summary_correction_control
corrected,a5-146,true,false,manuscript_summary_correction_control
corrected,a5-147,true,false,manuscript_summary_correction_control
corrected,a5-148,true,false,manuscript_summary_correction_control
corrected,a5-149,true,false,manuscript_summary_correction_control
corrected,a5-150,true,false,manuscript_summary_correction_control
corrected,a5-151,true,false,manuscript_summary_correction_control
corrected,a5-152,true,false,manuscript_summary_correction_control
corrected,a5-153,true,false,manuscript_summary_correction_control
corrected,a5-154,true,false,manuscript_summary_correction_control
corrected,a5-155,true,false,manuscript_summary_correction_control
corrected,a5-156,true,false,manuscript_summary_correction_control
corrected,a5-157,true,false,manuscript_summary_correction_control
corrected,a5-158,true,false,manuscript_summary_correction_control
corrected,a5-159,true,false,manuscript_summary_correction_control
corrected,a5-160,true,false,manuscript_summary_correction_control
corrected,a5-161,true,false,manuscript_summary_correction_control
corrected,a5-162,true,false,manuscript_summary_correction_control
corrected,a5-163,true,false,manuscript_summary_correction_control
corrected,a5-164,true,false,manuscript_summary_correction_control
corrected,a5-165,true,false,manuscript_summary_correction_control
corrected,a5-166,true,false,manuscript_summary_correction_control
corrected,a5-167,true,false,manuscript_summary_correction_control
corrected,a5-168,true,false,manuscript_summary_correction_control
corrected,a5-169,true,false,manuscript_summary_correction_control
corrected,a5-170,true,false,manuscript_summary_correction_control
corrected,a5-171,true,false,manuscript_summary_correction_control
corrected,a5-172,true,false,manuscript_summary_correction_control
corrected,a5-173,true,false,manuscript_summary_correction_control
corrected,a5-174,true,false,manuscript_summary_correction_control
corrected,a5-175,true,false,manuscript_summary_correction_control
corrected,a5-176,true,false,manuscript_summary_correction_control
corrected,a5-177,true,false,manuscript_summary_correction_control
corrected,a5-178,true,false,manuscript_summary_correction_control
corrected,a5-179,true,false,manuscript_summary_correction_control
corrected,a5-180,true,false,manuscript_summary_correction_control
corrected,a5-181,true,false,manuscript_summary_correction_control
corrected,a5-182,true,false,manuscript_summary_correction_control
corrected,a5-183,true,false,manuscript_summary_correction_control
corrected,a5-184,true,false,manuscript_summary_correction_control
corrected,a5-185,true,false,manuscript_summary_correction_control
corrected,a5-186,true,false,manuscript_summary_correction_control
corrected,a5-187,true,false,manuscript_summary_correction_control
corrected,a5-188,true,false,manuscript_summary_correction_control
corrected,a5-189,true,false,manuscript_summary_correction_control
corrected,a5-190,true,false,manuscript_summary_correction_control
corrected,a5-191,true,false,manuscript_summary_correction_control
corrected,a5-192,true,false,manuscript_summary_correction_control
corrected,a5-193,true,false,manuscript_summary_correction_control
corrected,a5-194,true,false,manuscript_summary_correction_control
corrected,a5-195,true,false,manuscript_summary_correction_control
corrected,a5-196,true,false,manuscript_summary_correction_control
corrected,a5-197,true,false,manuscript_summary_correction_control
corrected,a5-198,true,false,manuscript_summary_correction_control
corrected,a5-199,true,false,manuscript_summary_correction_control
corrected,a5-200,true,false,manuscript_summary_correction_control
corrected,a5-201,true,false,manuscript_summary_correction_control
corrected,a5-202,true,false,manuscript_summary_correction_control
corrected,a5-203,true,false,manuscript_summary_correction_control
corrected,a5-204,true,false,manuscript_summary_correction_control
corrected,a5-205,true,false,manuscript_summary_correction_control
corrected,a5-206,true,false,manuscript_summary_correction_control
corrected,a5-207,true,false,manuscript_summary_correction_control
corrected,a5-208,true,false,manuscript_summary_correction_control
corrected,a5-209,true,false,manuscript_summary_correction_control
corrected,a5-210,true,false,manuscript_summary_correction_control
corrected,a5-211,true,false,manuscript_summary_correction_control
corrected,a5-212,true,false,manuscript_summary_correction_control
corrected,a5-213,true,false,manuscript_summary_correction_control
corrected,a5-214,true,false,manuscript_summary_correction_control
corrected,a5-215,true,false,manuscript_summary_correction_control
corrected,a5-216,true,false,manuscript_summary_correction_control
corrected,a5-217,true,false,manuscript_summary_correction_control
corrected,a5-218,true,false,manuscript_summary_correction_control
corrected,a5-219,true,false,manuscript_summary_correction_control
corrected,a5-220,true,false,manuscript_summary_correction_control
corrected,a5-221,true,false,manuscript_summary_correction_control
corrected,a5-222,true,false,manuscript_summary_correction_control
corrected,a5-223,true,false,manuscript_summary_correction_control
corrected,a5-224,true,false,manuscript_summary_correction_control
corrected,a5-225,true,false,manuscript_summary_correction_control
corrected,a5-226,true,false,manuscript_summary_correction_control
corrected,a5-227,true,false,manuscript_summary_correction_control
corrected,a5-228,true,false,manuscript_summary_correction_control
corrected,a5-229,true,false,manuscript_summary_correction_control
corrected,a5-230,true,false,manuscript_summary_correction_control
corrected,a5-231,true,false,manuscript_summary_correction_control
corrected,a5-232,true,false,manuscript_summary_correction_control
corrected,a5-233,true,false,manuscript_summary_correction_control
corrected,a5-234,true,false,manuscript_summary_correction_control
corrected,a5-235,true,false,manuscript_summary_correction_control
corrected,a5-236,true,false,manuscript_summary_correction_control
corrected,a5-237,true,false,manuscript_summary_correction_control
corrected,a5-238,true,false,manuscript_summary_correction_control
corrected,a5-239,true,false,manuscript_summary_correction_control
corrected,a5-240,true,false,manuscript_summary_correction_control
corrected,a5-241,true,false,manuscript_summary_correction_control
corrected,a5-242,true,false,manuscript_summary_correction_control
corrected,a5-243,true,false,manuscript_summary_correction_control
corrected,a5-244,true,false,manuscript_summary_correction_control
corrected,a5-245,true,false,manuscript_summary_correction_control
corrected,a5-246,true,false,manuscript_summary_correction_control
corrected,a5-247,true,false,manuscript_summary_correction_control
corrected,a5-248,true,false,manuscript_summary_correction_control
corrected,a5-249,true,false,manuscript_summary_correction_control
corrected,a5-250,true,false,manuscript_summary_correction_control
corrected,a5-251,true,false,manuscript_summary_correction_control
corrected,a5-252,true,false,manuscript_summary_correction_control
corrected,a5-253,true,false,manuscript_summary_correction_control
corrected,a5-254,true,false,manuscript_summary_correction_control
corrected,a5-255,true,false,manuscript_summary_correction_control
corrected,a5-256,true,false,manuscript_summary_correction_control
corrected,a5-257,true,false,manuscript_summary_correction_control
corrected,a5-258,true,false,manuscript_summary_correction_control
corrected,a5-259,true,false,manuscript_summary_correction_control
corrected,a5-260,true,false,manuscript_summary_correction_control
corrected,a5-261,true,false,manuscript_summary_correction_control
corrected,a5-262,true,false,manuscript_summary_correction_control
corrected,a5-263,true,false,manuscript_summary_correction_control
corrected,a5-264,true,false,manuscript_summary_correction_control
corrected,a5-265,true,false,manuscript_summary_correction_control
corrected,a5-266,true,false,manuscript_summary_correction_control
corrected,a5-267,true,false,manuscript_summary_correction_control
corrected,a5-268,true,false,manuscript_summary_correction_control
corrected,a5-269,true,false,manuscript_summary_correction_control
corrected,a5-270,true,false,manuscript_summary_correction_control
corrected,a5-271,true,false,manuscript_summary_correction_control
corrected,a5-272,true,false,manuscript_summary_correction_control
corrected,a5-273,true,false,manuscript_summary_correction_control
corrected,a5-274,true,false,manuscript_summary_correction_control
corrected,a5-275,true,false,manuscript_summary_correction_control
corrected,a5-276,true,false,manuscript_summary_correction_control
corrected,a5-277,true,false,manuscript_summary_correction_control
corrected,a5-278,true,false,manuscript_summary_correction_control
corrected,a5-279,true,false,manuscript_summary_correction_control
corrected,a5-280,true,false,manuscript_summary_correction_control
corrected,a5-281,true,false,manuscript_summary_correction_control
corrected,a5-282,true,false,manuscript_summary_correction_control
corrected,a5-283,true,false,manuscript_summary_correction_control
corrected,a5-284,true,false,manuscript_summary_correction_control
corrected,a5-285,true,false,manuscript_summary_correction_control
corrected,a5-286,true,false,manuscript_summary_correction_control
corrected,a5-287,true,false,manuscript_summary_correction_control
corrected,a5-288,true,false,manuscript_summary_correction_control
corrected,a5-289,true,false,manuscript_summary_correction_control
corrected,a5-290,true,false,manuscript_summary_correction_control
corrected,a5-291,true,false,manuscript_summary_correction_control
corrected,a5-292,true,false,manuscript_summary_correction_control
corrected,a5-293,true,false,manuscript_summary_correction_control
corrected,a5-294,true,false,manuscript_summary_correction_control
corrected,a5-295,true,false,manuscript_summary_correction_control
corrected,a5-296,true,false,manuscript_summary_correction_control
corrected,a5-297,true,false,manuscript_summary_correction_control
corrected,a5-298,true,false,manuscript_summary_correction_control
corrected,a5-299,true,false,manuscript_summary_correction_control
corrected,a5-300,true,false,manuscript_summary_correction_control
corrected,a5-301,true,false,manuscript_summary_correction_control
corrected,a5-302,true,false,manuscript_summary_correction_control
corrected,a5-303,true,false,manuscript_summary_correction_control
corrected,a5-304,true,false,manuscript_summary_correction_control
corrected,a5-305,true,false,manuscript_summary_correction_control
corrected,a5-306,true,false,manuscript_summary_correction_control
corrected,a5-307,true,false,manuscript_summary_correction_control
corrected,a5-308,true,false,manuscript_summary_correction_control
corrected,a5-309,true,false,manuscript_summary_correction_control
corrected,a5-310,true,false,manuscript_summary_correction_control
corrected,a5-311,true,false,manuscript_summary_correction_control
corrected,a5-312,true,false,manuscript_summary_correction_control
corrected,a5-313,true,false,manuscript_summary_correction_control
corrected,a5-314,true,false,manuscript_summary_correction_control
corrected,a5-315,true,false,manuscript_summary_correction_control
corrected,a5-316,true,false,manuscript_summary_correction_control
corrected,a5-317,true,false,manuscript_summary_correction_control
corrected,a5-318,true,false,manuscript_summary_correction_control
corrected,a5-319,true,false,manuscript_summary_correction_control
corrected,a5-320,true,false,manuscript_summary_correction_control
corrected,a5-321,true,false,manuscript_summary_correction_control
corrected,a5-322,true,false,manuscript_summary_correction_control
corrected,a5-323,true,false,manuscript_summary_correction_control
corrected,a5-324,true,false,manuscript_summary_correction_control
corrected,a5-325,true,false,manuscript_summary_correction_control
corrected,a5-326,true,false,manuscript_summary_correction_control
corrected,a5-327,true,false,manuscript_summary_correction_control
corrected,a5-328,true,false,manuscript_summary_correction_control
corrected,a5-329,true,false,manuscript_summary_correction_control
corrected,a5-330,true,false,manuscript_summary_correction_control
corrected,a5-331,true,false,manuscript_summary_correction_control
corrected,a5-332,true,false,manuscript_summary_correction_control
corrected,a5-333,true,false,manuscript_summary_correction_control
corrected,a5-334,true,false,manuscript_summary_correction_control
corrected,a5-335,true,false,manuscript_summary_correction_control
corrected,a5-336,true,false,manuscript_summary_correction_control
corrected,a5-337,true,false,manuscript_summary_correction_control
corrected,a5-338,true,false,manuscript_summary_correction_control
corrected,a5-339,true,false,manuscript_summary_correction_control
corrected,a5-340,true,false,manuscript_summary_correction_control
corrected,a5-341,true,false,manuscript_summary_correction_control
corrected,a5-342,true,false,manuscript_summary_correction_control
corrected,a5-343,true,false,manuscript_summary_correction_control
corrected,a5-344,true,false,manuscript_summary_correction_control
corrected,a5-345,true,false,manuscript_summary_correction_control
corrected,a5-346,true,false,manuscript_summary_correction_control
corrected,a5-347,true,false,manuscript_summary_correction_control
corrected,a5-348,true,false,manuscript_summary_correction_control
corrected,a5-349,true,false,manuscript_summary_correction_control
corrected,a5-350,true,false,manuscript_summary_correction_control
corrected,a5-351,true,false,manuscript_summary_correction_control
corrected,a5-352,true,false,manuscript_summary_correction_control
corrected,a5-353,true,false,manuscript_summary_correction_control
corrected,a5-354,true,false,manuscript_summary_correction_control
corrected,a5-355,true,false,manuscript_summary_correction_control
corrected,a5-356,true,false,manuscript_summary_correction_control
corrected,a5-357,true,false,manuscript_summary_correction_control
corrected,a5-358,true,false,manuscript_summary_correction_control
corrected,a5-359,true,false,manuscript_summary_correction_control
corrected,a5-360,true,false,manuscript_summary_correction_control
corrected,a5-361,true,false,manuscript_summary_correction_control
corrected,a5-362,true,false,manuscript_summary_correction_control
corrected,a5-363,true,false,manuscript_summary_correction_control
corrected,a5-364,true,false,manuscript_summary_correction_control
corrected,a5-365,true,false,manuscript_summary_correction_control
corrected,a5-366,true,false,manuscript_summary_correction_control
corrected,a5-367,true,false,manuscript_summary_correction_control
corrected,a5-368,true,false,manuscript_summary_correction_control
corrected,a5-369,true,false,manuscript_summary_correction_control
corrected,a5-370,true,false,manuscript_summary_correction_control
corrected,a5-371,true,false,manuscript_summary_correction_control
corrected,a5-372,true,false,manuscript_summary_correction_control
corrected,a5-373,true,false,manuscript_summary_correction_control
corrected,a5-374,true,false,manuscript_summary_correction_control
corrected,a5-375,true,false,manuscript_summary_correction_control
corrected,a5-376,true,false,manuscript_summary_correction_control
corrected,a5-377,true,false,manuscript_summary_correction_control
corrected,a5-378,true,false,manuscript_summary_correction_control
corrected,a5-379,true,false,manuscript_summary_correction_control
corrected,a5-380,true,false,manuscript_summary_correction_control
corrected,a5-381,true,false,manuscript_summary_correction_control
corrected,a5-382,true,false,manuscript_summary_correction_control
corrected,a5-383,true,false,manuscript_summary_correction_control
corrected,a5-384,true,false,manuscript_summary_correction_control
corrected,a5-385,true,false,manuscript_summary_correction_control
corrected,a5-386,true,false,manuscript_summary_correction_control
corrected,a5-387,true,false,manuscript_summary_correction_control
corrected,a5-388,true,false,manuscript_summary_correction_control
corrected,a5-389,true,false,manuscript_summary_correction_control
corrected,a5-390,true,false,manuscript_summary_correction_control
corrected,a5-391,true,false,manuscript_summary_correction_control
corrected,a5-392,true,false,manuscript_summary_correction_control
corrected,a5-393,true,false,manuscript_summary_correction_control
corrected,a5-394,true,false,manuscript_summary_correction_control
corrected,a5-395,true,false,manuscript_summary_correction_control
corrected,a5-396,true,false,manuscript_summary_correction_control
corrected,a5-397,true,false,manuscript_summary_correction_control
corrected,a5-398,true,false,manuscript_summary_correction_control
corrected,a5-399,true,false,manuscript_summary_correction_control
corrected,a5-400,true,false,manuscript_summary_correction_control
corrected,a5-401,true,false,manuscript_summary_correction_control
corrected,a5-402,true,false,manuscript_summary_correction_control
corrected,a5-403,true,false,manuscript_summary_correction_control
corrected,a5-404,true,false,manuscript_summary_correction_control
corrected,a5-405,true,false,manuscript_summary_correction_control
corrected,a5-406,true,false,manuscript_summary_correction_control
corrected,a5-407,true,false,manuscript_summary_correction_control
corrected,a5-408,true,false,manuscript_summary_correction_control
corrected,a5-409,true,false,manuscript_summary_correction_control
corrected,a5-410,true,false,manuscript_summary_correction_control
corrected,a5-411,true,false,manuscript_summary_correction_control
corrected,a5-412,true,false,manuscript_summary_correction_control
corrected,a5-413,true,false,manuscript_summary_correction_control
corrected,a5-414,true,false,manuscript_summary_correction_control
corrected,a5-415,true,false,manuscript_summary_correction_control
corrected,a5-416,true,false,manuscript_summary_correction_control
corrected,a5-417,true,false,manuscript_summary_correction_control
corrected,a5-418,true,false,manuscript_summary_correction_control
corrected,a5-419,true,false,manuscript_summary_correction_control
corrected,a5-420,true,false,manuscript_summary_correction_control
corrected,a5-421,true,false,manuscript_summary_correction_control
corrected,a5-422,true,false,manuscript_summary_correction_control
corrected,a5-423,true,false,manuscript_summary_correction_control
corrected,a5-424,true,false,manuscript_summary_correction_control
corrected,a5-425,true,false,manuscript_summary_correction_control
corrected,a5-426,true,false,manuscript_summary_correction_control
corrected,a5-427,true,false,manuscript_summary_correction_control
corrected,a5-428,true,false,manuscript_summary_correction_control
corrected,a5-429,true,false,manuscript_summary_correction_control
corrected,a5-430,true,false,manuscript_summary_correction_control
corrected,a5-431,true,false,manuscript_summary_correction_control
corrected,a5-432,true,false,manuscript_summary_correction_control
corrected,a5-433,true,false,manuscript_summary_correction_control
corrected,a5-434,true,false,manuscript_summary_correction_control
corrected,a5-435,true,false,manuscript_summary_correction_control
corrected,a5-436,true,false,manuscript_summary_correction_control
corrected,a5-437,true,false,manuscript_summary_correction_control
corrected,a5-438,true,false,manuscript_summary_correction_control
corrected,a5-439,true,false,manuscript_summary_correction_control
corrected,a5-440,true,false,manuscript_summary_correction_control
corrected,a5-441,true,false,manuscript_summary_correction_control
corrected,a5-442,true,false,manuscript_summary_correction_control
corrected,a5-443,true,false,manuscript_summary_correction_control
corrected,a5-444,true,false,manuscript_summary_correction_control
corrected,a5-445,true,false,manuscript_summary_correction_control
corrected,a5-446,true,false,manuscript_summary_correction_control
corrected,a5-447,true,false,manuscript_summary_correction_control
corrected,a5-448,true,false,manuscript_summary_correction_control
corrected,a5-449,true,false,manuscript_summary_correction_control
corrected,a5-450,true,false,manuscript_summary_correction_control
corrected,a5-451,true,false,manuscript_summary_correction_control
corrected,a5-452,true,false,manuscript_summary_correction_control
corrected,a5-453,true,false,manuscript_summary_correction_control
corrected,a5-454,true,false,manuscript_summary_correction_control
corrected,a5-455,true,false,manuscript_summary_correction_control
corrected,a5-456,true,false,manuscript_summary_correction_control
corrected,a5-457,true,false,manuscript_summary_correction_control
corrected,a5-458,true,false,manuscript_summary_correction_control
corrected,a5-459,true,false,manuscript_summary_correction_control
corrected,a5-460,true,false,manuscript_summary_correction_control
corrected,a5-461,true,false,manuscript_summary_correction_control
corrected,a5-462,true,false,manuscript_summary_correction_control
corrected,a5-463,true,false,manuscript_summary_correction_control
corrected,a5-464,true,false,manuscript_summary_correction_control
corrected,a5-465,true,false,manuscript_summary_correction_control
corrected,a5-466,true,false,manuscript_summary_correction_control
corrected,a5-467,true,false,manuscript_summary_correction_control
corrected,a5-468,true,false,manuscript_summary_correction_control
corrected,a5-469,true,false,manuscript_summary_correction_control
corrected,a5-470,true,false,manuscript_summary_correction_control
corrected,a5-471,true,false,manuscript_summary_correction_control
corrected,a5-472,true,false,manuscript_summary_correction_control
corrected,a5-473,true,false,manuscript_summary_correction_control
corrected,a5-474,true,false,manuscript_summary_correction_control
corrected,a5-475,true,false,manuscript_summary_correction_control
corrected,a5-476,true,false,manuscript_summary_correction_control
corrected,a5-477,true,false,manuscript_summary_correction_control
corrected,a5-478,true,false,manuscript_summary_correction_control
corrected,a5-479,true,false,manuscript_summary_correction_control
corrected,a5-480,true,false,manuscript_summary_correction_control
corrected,a5-481,true,false,manuscript_summary_correction_control
corrected,a5-482,true,false,manuscript_summary_correction_control
corrected,a5-483,true,false,manuscript_summary_correction_control
corrected,a5-484,true,false,manuscript_summary_correction_control
corrected,a5-485,true,false,manuscript_summary_correction_control
corrected,a5-486,true,false,manuscript_summary_correction_control
corrected,a5-487,true,false,manuscript_summary_correction_control
corrected,a5-488,true,false,manuscript_summary_correction_control
corrected,a5-489,true,false,manuscript_summary_correction_control
corrected,a5-490,true,false,manuscript_summary_correction_control
corrected,a5-491,true,false,manuscript_summary_correction_control
corrected,a5-492,true,false,manuscript_summary_correction_control
corrected,a5-493,true,false,manuscript_summary_correction_control
corrected,a5-494,true,false,manuscript_summary_correction_control
corrected,a5-495,true,false,manuscript_summary_correction_control
corrected,a5-496,true,false,manuscript_summary_correction_control
corrected,a5-497,true,false,manuscript_summary_correction_control
corrected,a5-498,true,false,manuscript_summary_correction_control
corrected,a5-499,true,false,manuscript_summary_correction_control
corrected,a5-500,true,false,manuscript_summary_correction_control
