mechanism,trial_id,service_effect,predicate,evidence_class
Speranza-style,digest-001,true,signed_request,deterministic_derivation_from_manuscript_summary
Speranza-style,digest-002,true,signed_request,deterministic_derivation_from_manuscript_summary
Speranza-style,digest-003,true,signed_request,deterministic_derivation_from_manuscript_summary
Speranza-style,digest-004,true,signed_request,deterministic_derivation_from_manuscript_summary
Speranza-style,digest-005,true,signed_request,deterministic_derivation_from_manuscript_summary
Speranza-style,digest-006,true,signed_request,deterministic_derivation_from_manuscript_summary
Speranza-style,digest-007,true,signed_request,deterministic_derivation_from_manuscript_summary
Speranza-style,digest-008,true,signed_request,deterministic_derivation_from_manuscript_summary
Speranza-style,digest-009,true,signed_request,deterministic_derivation_from_manuscript_summary
Speranza-style,digest-010,true,signed_request,deterministic_derivation_from_manuscript_summary
Speranza-style,digest-011,true,signed_request,deterministic_derivation_from_manuscript_summary
Speranza-style,digest-012,true,signed_request,deterministic_derivation_from_manuscript_summary
Speranza-style,digest-013,true,signed_request,deterministic_derivation_from_manuscript_summary
Speranza-style,digest-014,true,signed_request,deterministic_derivation_from_manuscript_summary
Speranza-style,digest-015,true,signed_request,deterministic_derivation_from_manuscript_summary
Speranza-style,digest-016,true,signed_request,deterministic_derivation_from_manuscript_summary
Speranza-style,digest-017,true,signed_request,deterministic_derivation_from_manuscript_summary
Speranza-style,digest-018,true,signed_request,deterministic_derivation_from_manuscript_summary
Speranza-style,digest-019,true,signed_request,deterministic_derivation_from_manuscript_summary
Speranza-style,digest-020,true,signed_request,deterministic_derivation_from_manuscript_summary
Speranza-style,digest-021,true,signed_request,deterministic_derivation_from_manuscript_summary
Speranza-style,digest-022,true,signed_request,deterministic_derivation_from_manuscript_summary
Speranza-style,digest-023,true,signed_request,deterministic_derivation_from_manuscript_summary
Speranza-style,digest-024,true,signed_request,deterministic_derivation_from_manuscript_summary
Speranza-style,digest-025,true,signed_request,deterministic_derivation_from_manuscript_summary
Speranza-style,digest-026,true,signed_request,deterministic_derivation_from_manuscript_summary
Speranza-style,digest-027,true,signed_request,deterministic_derivation_from_manuscript_summary
Speranza-style,digest-028,true,signed_request,deterministic_derivation_from_manuscript_summary
Speranza-style,digest-029,true,signed_request,deterministic_derivation_from_manuscript_summary
Speranza-style,digest-030,true,signed_request,deterministic_derivation_from_manuscript_summary
Speranza-style,digest-031,true,signed_request,deterministic_derivation_from_manuscript_summary
Speranza-style,digest-032,true,signed_request,deterministic_derivation_from_manuscript_summary
Speranza-style,digest-033,true,signed_request,deterministic_derivation_from_manuscript_summary
Speranza-style,digest-034,true,signed_request,deterministic_derivation_from_manuscript_summary
Speranza-style,digest-035,true,signed_request,deterministic_derivation_from_manuscript_summary
Speranza-style,digest-036,true,signed_request,deterministic_derivation_from_manuscript_summary
Speranza-style,digest-037,true,signed_request,deterministic_derivation_from_manuscript_summary
Speranza-style,digest-038,true,signed_request,deterministic_derivation_from_manuscript_summary
Speranza-style,digest-039,true,signed_request,deterministic_derivation_from_manuscript_summary
Speranza-style,digest-040,true,signed_request,deterministic_derivation_from_manuscript_summary
Speranza-style,digest-041,true,signed_request,deterministic_derivation_from_manuscript_summary
Speranza-style,digest-042,true,signed_request,deterministic_derivation_from_manuscript_summary
Speranza-style,digest-043,true,signed_request,deterministic_derivation_from_manuscript_summary
Speranza-style,digest-044,true,signed_request,deterministic_derivation_from_manuscript_summary
Speranza-style,digest-045,true,signed_request,deterministic_derivation_from_manuscript_summary
Speranza-style,digest-046,true,signed_request,deterministic_derivation_from_manuscript_summary
Speranza-style,digest-047,true,signed_request,deterministic_derivation_from_manuscript_summary
Speranza-style,digest-048,true,signed_request,deterministic_derivation_from_manuscript_summary
Speranza-style,digest-049,true,signed_request,deterministic_derivation_from_manuscript_summary
Speranza-style,digest-050,true,signed_request,deterministic_derivation_from_manuscript_summary
Speranza-style,digest-051,true,signed_request,deterministic_derivation_from_manuscript_summary
Speranza-style,digest-052,true,signed_request,deterministic_derivation_from_manuscript_summary
Speranza-style,digest-053,true,signed_request,deterministic_derivation_from_manuscript_summary
Speranza-style,digest-054,true,signed_request,deterministic_derivation_from_manuscript_summary
Speranza-style,digest-055,true,signed_request,deterministic_derivation_from_manuscript_summary
Speranza-style,digest-056,true,signed_request,deterministic_derivation_from_manuscript_summary
Speranza-style,digest-057,true,signed_request,deterministic_derivation_from_manuscript_summary
Speranza-style,digest-058,true,signed_request,deterministic_derivation_from_manuscript_summary
Speranza-style,digest-059,true,signed_request,deterministic_derivation_from_manuscript_summary
Speranza-style,digest-060,true,signed_request,deterministic_derivation_from_manuscript_summary
Speranza-style,digest-061,true,signed_request,deterministic_derivation_from_manuscript_summary
Speranza-style,digest-062,true,signed_request,deterministic_derivation_from_manuscript_summary
Speranza-style,digest-063,true,signed_request,deterministic_derivation_from_manuscript_summary
Speranza-style,digest-064,true,signed_request,deterministic_derivation_from_manuscript_summary
Speranza-style,digest-065,true,signed_request,deterministic_derivation_from_manuscript_summary
Speranza-style,digest-066,true,signed_request,deterministic_derivation_from_manuscript_summary
Speranza-style,digest-067,true,signed_request,deterministic_derivation_from_manuscript_summary
Speranza-style,digest-068,true,signed_request,deterministic_derivation_from_manuscript_summary
Speranza-style,digest-069,false,signed_request,deterministic_derivation_from_manuscript_summary
Speranza-style,digest-070,true,signed_request,deterministic_derivation_from_manuscript_summary
Speranza-style,digest-071,true,signed_request,deterministic_derivation_from_manuscript_summary
Speranza-style,digest-072,true,signed_request,deterministic_derivation_from_manuscript_summary
Speranza-style,digest-073,true,signed_request,deterministic_derivation_from_manuscript_summary
Speranza-style,digest-074,true,signed_request,deterministic_derivation_from_manuscript_summary
Speranza-style,digest-075,true,signed_request,deterministic_derivation_from_manuscript_summary
Speranza-style,digest-076,true,signed_request,deterministic_derivation_from_manuscript_summary
Speranza-style,digest-077,true,signed_request,deterministic_derivation_from_manuscript_summary
Speranza-style,digest-078,true,signed_request,deterministic_derivation_from_manuscript_summary
Speranza-style,digest-079,true,signed_request,deterministic_derivation_from_manuscript_summary
Speranza-style,digest-080,true,signed_request,deterministic_derivation_from_manuscript_summary
Speranza-style,digest-081,true,signed_request,deterministic_derivation_from_manuscript_summary
Speranza-style,digest-082,true,signed_request,deterministic_derivation_from_manuscript_summary
Speranza-style,digest-083,true,signed_request,deterministic_derivation_from_manuscript_summary
Speranza-style,digest-084,true,signed_request,deterministic_derivation_from_manuscript_summary
Speranza-style,digest-085,true,signed_request,deterministic_derivation_from_manuscript_summary
Speranza-style,digest-086,true,signed_request,deterministic_derivation_from_manuscript_summary
Speranza-style,digest-087,true,signed_request,deterministic_derivation_from_manuscript_summary
Speranza-style,digest-088,true,signed_request,deterministic_derivation_from_manuscript_summary
Speranza-style,digest-089,true,signed_request,deterministic_derivation_from_manuscript_summary
Speranza-style,digest-090,true,signed_request,deterministic_derivation_from_manuscript_summary
Speranza-style,digest-091,true,signed_request,deterministic_derivation_from_manuscript_summary
Speranza-style,digest-092,true,signed_request,deterministic_derivation_from_manuscript_summary
Speranza-style,digest-093,true,signed_request,deterministic_derivation_from_manuscript_summary
Speranza-style,digest-094,true,signed_request,deterministic_derivation_from_manuscript_summary
Speranza-style,digest-095,true,signed_request,deterministic_derivation_from_manuscript_summary
Speranza-style,digest-096,true,signed_request,deterministic_derivation_from_manuscript_summary
Speranza-style,digest-097,true,signed_request,deterministic_derivation_from_manuscript_summary
Speranza-style,digest-098,true,signed_request,deterministic_derivation_from_manuscript_summary
Speranza-style,digest-099,true,signed_request,deterministic_derivation_from_manuscript_summary
Speranza-style,digest-100,true,signed_request,deterministic_derivation_from_manuscript_summary
Speranza-style,digest-101,true,signed_request,deterministic_derivation_from_manuscript_summary
Speranza-style,digest-102,true,signed_request,deterministic_derivation_from_manuscript_summary
Speranza-style,digest-103,true,signed_request,deterministic_derivation_from_manuscript_summary
Speranza-style,digest-104,true,signed_request,deterministic_derivation_from_manuscript_summary
Speranza-style,digest-105,true,signed_request,deterministic_derivation_from_manuscript_summary
Speranza-style,digest-106,true,signed_request,deterministic_derivation_from_manuscript_summary
Speranza-style,digest-107,true,signed_request,deterministic_derivation_from_manuscript_summary
Speranza-style,digest-108,true,signed_request,deterministic_derivation_from_manuscript_summary
Speranza-style,digest-109,true,signed_request,deterministic_derivation_from_manuscript_summary
Speranza-style,digest-110,true,signed_request,deterministic_derivation_from_manuscript_summary
Speranza-style,digest-111,true,signed_request,deterministic_derivation_from_manuscript_summary
Speranza-style,digest-112,true,signed_request,deterministic_derivation_from_manuscript_summary
Speranza-style,digest-113,false,signed_request,deterministic_derivation_from_manuscript_summary
Speranza-style,digest-114,true,signed_request,deterministic_derivation_from_manuscript_summary
Speranza-style,digest-115,true,signed_request,deterministic_derivation_from_manuscript_summary
Speranza-style,digest-116,true,signed_request,deterministic_derivation_from_manuscript_summary
Speranza-style,digest-117,true,signed_request,deterministic_derivation_from_manuscript_summary
Speranza-style,digest-118,false,signed_request,deterministic_derivation_from_manuscript_summary
Speranza-style,digest-119,true,signed_request,deterministic_derivation_from_manuscript_summary
Speranza-style,digest-120,true,signed_request,deterministic_derivation_from_manuscript_summary
Speranza-style,digest-121,false,signed_request,deterministic_derivation_from_manuscript_summary
Speranza-style,digest-122,true,signed_request,deterministic_derivation_from_manuscript_summary
Speranza-style,digest-123,true,signed_request,deterministic_derivation_from_manuscript_summary
Speranza-style,digest-124,true,signed_request,deterministic_derivation_from_manuscript_summary
Speranza-style,digest-125,true,signed_request,deterministic_derivation_from_manuscript_summary
Speranza-style,digest-126,true,signed_request,deterministic_derivation_from_manuscript_summary
Speranza-style,digest-127,true,signed_request,deterministic_derivation_from_manuscript_summary
Speranza-style,digest-128,true,signed_request,deterministic_derivation_from_manuscript_summary
Speranza-style,digest-129,true,signed_request,deterministic_derivation_from_manuscript_summary
Speranza-style,digest-130,true,signed_request,deterministic_derivation_from_manuscript_summary
Speranza-style,digest-131,true,signed_request,deterministic_derivation_from_manuscript_summary
Speranza-style,digest-132,true,signed_request,deterministic_derivation_from_manuscript_summary
Speranza-style,digest-133,true,signed_request,deterministic_derivation_from_manuscript_summary
Speranza-style,digest-134,true,signed_request,deterministic_derivation_from_manuscript_summary
Speranza-style,digest-135,true,signed_request,deterministic_derivation_from_manuscript_summary
Speranza-style,digest-136,true,signed_request,deterministic_derivation_from_manuscript_summary
Speranza-style,digest-137,true,signed_request,deterministic_derivation_from_manuscript_summary
Speranza-style,digest-138,true,signed_request,deterministic_derivation_from_manuscript_summary
Speranza-style,digest-139,true,signed_request,deterministic_derivation_from_manuscript_summary
Speranza-style,digest-140,true,signed_request,deterministic_derivation_from_manuscript_summary
Speranza-style,digest-141,true,signed_request,deterministic_derivation_from_manuscript_summary
Speranza-style,digest-142,true,signed_request,deterministic_derivation_from_manuscript_summary
Speranza-style,digest-143,true,signed_request,deterministic_derivation_from_manuscript_summary
Speranza-style,digest-144,true,signed_request,deterministic_derivation_from_manuscript_summary
Speranza-style,digest-145,true,signed_request,deterministic_derivation_from_manuscript_summary
Speranza-style,digest-146,true,signed_request,deterministic_derivation_from_manuscript_summary
Speranza-style,digest-147,true,signed_request,deterministic_derivation_from_manuscript_summary
Speranza-style,digest-148,true,signed_request,deterministic_derivation_from_manuscript_summary
Speranza-style,digest-149,true,signed_request,deterministic_derivation_from_manuscript_summary
Speranza-style,digest-150,true,signed_request,deterministic_derivation_from_manuscript_summary
Speranza-style,digest-151,true,signed_request,deterministic_derivation_from_manuscript_summary
Speranza-style,digest-152,true,signed_request,deterministic_derivation_from_manuscript_summary
Speranza-style,digest-153,true,signed_request,deterministic_derivation_from_manuscript_summary
Speranza-style,digest-154,true,signed_request,deterministic_derivation_from_manuscript_summary
Speranza-style,digest-155,true,signed_request,deterministic_derivation_from_manuscript_summary
Speranza-style,digest-156,true,signed_request,deterministic_derivation_from_manuscript_summary
Speranza-style,digest-157,true,signed_request,deterministic_derivation_from_manuscript_summary
Speranza-style,digest-158,true,signed_request,deterministic_derivation_from_manuscript_summary
Speranza-style,digest-159,true,signed_request,deterministic_derivation_from_manuscript_summary
Speranza-style,digest-160,true,signed_request,deterministic_derivation_from_manuscript_summary
Speranza-style,digest-161,true,signed_request,deterministic_derivation_from_manuscript_summary
Speranza-style,digest-162,true,signed_request,deterministic_derivation_from_manuscript_summary
Speranza-style,digest-163,true,signed_request,deterministic_derivation_from_manuscript_summary
Speranza-style,digest-164,true,signed_request,deterministic_derivation_from_manuscript_summary
Speranza-style,digest-165,true,signed_request,deterministic_derivation_from_manuscript_summary
Speranza-style,digest-166,true,signed_request,deterministic_derivation_from_manuscript_summary
Speranza-style,digest-167,true,signed_request,deterministic_derivation_from_manuscript_summary
Speranza-style,digest-168,true,signed_request,deterministic_derivation_from_manuscript_summary
Speranza-style,digest-169,true,signed_request,deterministic_derivation_from_manuscript_summary
Speranza-style,digest-170,true,signed_request,deterministic_derivation_from_manuscript_summary
Speranza-style,digest-171,true,signed_request,deterministic_derivation_from_manuscript_summary
Speranza-style,digest-172,true,signed_request,deterministic_derivation_from_manuscript_summary
Speranza-style,digest-173,true,signed_request,deterministic_derivation_from_manuscript_summary
Speranza-style,digest-174,true,signed_request,deterministic_derivation_from_manuscript_summary
Speranza-style,digest-175,true,signed_request,deterministic_derivation_from_manuscript_summary
Speranza-style,digest-176,true,signed_request,deterministic_derivation_from_manuscript_summary
Speranza-style,digest-177,true,signed_request,deterministic_derivation_from_manuscript_summary
Speranza-style,digest-178,true,signed_request,deterministic_derivation_from_manuscript_summary
Speranza-style,digest-179,true,signed_request,deterministic_derivation_from_manuscript_summary
Speranza-style,digest-180,true,signed_request,deterministic_derivation_from_manuscript_summary
Speranza-style,digest-181,true,signed_request,deterministic_derivation_from_manuscript_summary
Speranza-style,digest-182,true,signed_request,deterministic_derivation_from_manuscript_summary
Speranza-style,digest-183,true,signed_request,deterministic_derivation_from_manuscript_summary
Speranza-style,digest-184,true,signed_request,deterministic_derivation_from_manuscript_summary
Speranza-style,digest-185,true,signed_request,deterministic_derivation_from_manuscript_summary
Speranza-style,digest-186,true,signed_request,deterministic_derivation_from_manuscript_summary
Speranza-style,digest-187,true,signed_request,deterministic_derivation_from_manuscript_summary
Speranza-style,digest-188,true,signed_request,deterministic_derivation_from_manuscript_summary
Speranza-style,digest-189,true,signed_request,deterministic_derivation_from_manuscript_summary
Speranza-style,digest-190,false,signed_request,deterministic_derivation_from_manuscript_summary
Speranza-style,digest-191,true,signed_request,deterministic_derivation_from_manuscript_summary
Speranza-style,digest-192,true,signed_request,deterministic_derivation_from_manuscript_summary
Speranza-style,digest-193,true,signed_request,deterministic_derivation_from_manuscript_summary
Speranza-style,digest-194,true,signed_request,deterministic_derivation_from_manuscript_summary
Speranza-style,digest-195,true,signed_request,deterministic_derivation_from_manuscript_summary
Speranza-style,digest-196,true,signed_request,deterministic_derivation_from_manuscript_summary
Speranza-style,digest-197,true,signed_request,deterministic_derivation_from_manuscript_summary
Speranza-style,digest-198,true,signed_request,deterministic_derivation_from_manuscript_summary
Speranza-style,digest-199,true,signed_request,deterministic_derivation_from_manuscript_summary
Speranza-style,digest-200,true,signed_request,deterministic_derivation_from_manuscript_summary
Speranza-style,digest-201,true,signed_request,deterministic_derivation_from_manuscript_summary
Speranza-style,digest-202,true,signed_request,deterministic_derivation_from_manuscript_summary
Speranza-style,digest-203,true,signed_request,deterministic_derivation_from_manuscript_summary
Speranza-style,digest-204,false,signed_request,deterministic_derivation_from_manuscript_summary
Speranza-style,digest-205,true,signed_request,deterministic_derivation_from_manuscript_summary
Speranza-style,digest-206,true,signed_request,deterministic_derivation_from_manuscript_summary
Speranza-style,digest-207,true,signed_request,deterministic_derivation_from_manuscript_summary
Speranza-style,digest-208,true,signed_request,deterministic_derivation_from_manuscript_summary
Speranza-style,digest-209,true,signed_request,deterministic_derivation_from_manuscript_summary
Speranza-style,digest-210,true,signed_request,deterministic_derivation_from_manuscript_summary
Speranza-style,digest-211,true,signed_request,deterministic_derivation_from_manuscript_summary
Speranza-style,digest-212,true,signed_request,deterministic_derivation_from_manuscript_summary
Speranza-style,digest-213,true,signed_request,deterministic_derivation_from_manuscript_summary
Speranza-style,digest-214,true,signed_request,deterministic_derivation_from_manuscript_summary
Speranza-style,digest-215,true,signed_request,deterministic_derivation_from_manuscript_summary
Speranza-style,digest-216,false,signed_request,deterministic_derivation_from_manuscript_summary
Speranza-style,digest-217,true,signed_request,deterministic_derivation_from_manuscript_summary
Speranza-style,digest-218,true,signed_request,deterministic_derivation_from_manuscript_summary
Speranza-style,digest-219,true,signed_request,deterministic_derivation_from_manuscript_summary
Speranza-style,digest-220,true,signed_request,deterministic_derivation_from_manuscript_summary
Speranza-style,digest-221,true,signed_request,deterministic_derivation_from_manuscript_summary
Speranza-style,digest-222,true,signed_request,deterministic_derivation_from_manuscript_summary
Speranza-style,digest-223,true,signed_request,deterministic_derivation_from_manuscript_summary
Speranza-style,digest-224,true,signed_request,deterministic_derivation_from_manuscript_summary
Speranza-style,digest-225,true,signed_request,deterministic_derivation_from_manuscript_summary
Speranza-style,digest-226,true,signed_request,deterministic_derivation_from_manuscript_summary
Speranza-style,digest-227,true,signed_request,deterministic_derivation_from_manuscript_summary
Speranza-style,digest-228,true,signed_request,deterministic_derivation_from_manuscript_summary
Speranza-style,digest-229,true,signed_request,deterministic_derivation_from_manuscript_summary
Speranza-style,digest-230,true,signed_request,deterministic_derivation_from_manuscript_summary
Speranza-style,digest-231,true,signed_request,deterministic_derivation_from_manuscript_summary
Speranza-style,digest-232,true,signed_request,deterministic_derivation_from_manuscript_summary
Speranza-style,digest-233,false,signed_request,deterministic_derivation_from_manuscript_summary
Speranza-style,digest-234,true,signed_request,deterministic_derivation_from_manuscript_summary
Speranza-style,digest-235,true,signed_request,deterministic_derivation_from_manuscript_summary
Speranza-style,digest-236,true,signed_request,deterministic_derivation_from_manuscript_summary
Speranza-style,digest-237,true,signed_request,deterministic_derivation_from_manuscript_summary
Speranza-style,digest-238,true,signed_request,deterministic_derivation_from_manuscript_summary
Speranza-style,digest-239,true,signed_request,deterministic_derivation_from_manuscript_summary
Speranza-style,digest-240,true,signed_request,deterministic_derivation_from_manuscript_summary
Speranza-style,digest-241,true,signed_request,deterministic_derivation_from_manuscript_summary
Speranza-style,digest-242,true,signed_request,deterministic_derivation_from_manuscript_summary
Speranza-style,digest-243,true,signed_request,deterministic_derivation_from_manuscript_summary
Speranza-style,digest-244,true,signed_request,deterministic_derivation_from_manuscript_summary
Speranza-style,digest-245,true,signed_request,deterministic_derivation_from_manuscript_summary
Speranza-style,digest-246,true,signed_request,deterministic_derivation_from_manuscript_summary
Speranza-style,digest-247,true,signed_request,deterministic_derivation_from_manuscript_summary
Speranza-style,digest-248,true,signed_request,deterministic_derivation_from_manuscript_summary
Speranza-style,digest-249,true,signed_request,deterministic_derivation_from_manuscript_summary
Speranza-style,digest-250,false,signed_request,deterministic_derivation_from_manuscript_summary
CausalCred,digest-001,false,protected_effect,deterministic_derivation_from_manuscript_summary
CausalCred,digest-002,false,protected_effect,deterministic_derivation_from_manuscript_summary
CausalCred,digest-003,false,protected_effect,deterministic_derivation_from_manuscript_summary
CausalCred,digest-004,false,protected_effect,deterministic_derivation_from_manuscript_summary
CausalCred,digest-005,false,protected_effect,deterministic_derivation_from_manuscript_summary
CausalCred,digest-006,false,protected_effect,deterministic_derivation_from_manuscript_summary
CausalCred,digest-007,false,protected_effect,deterministic_derivation_from_manuscript_summary
CausalCred,digest-008,false,protected_effect,deterministic_derivation_from_manuscript_summary
CausalCred,digest-009,false,protected_effect,deterministic_derivation_from_manuscript_summary
CausalCred,digest-010,false,protected_effect,deterministic_derivation_from_manuscript_summary
CausalCred,digest-011,false,protected_effect,deterministic_derivation_from_manuscript_summary
CausalCred,digest-012,false,protected_effect,deterministic_derivation_from_manuscript_summary
CausalCred,digest-013,false,protected_effect,deterministic_derivation_from_manuscript_summary
CausalCred,digest-014,false,protected_effect,deterministic_derivation_from_manuscript_summary
CausalCred,digest-015,false,protected_effect,deterministic_derivation_from_manuscript_summary
CausalCred,digest-016,false,protected_effect,deterministic_derivation_from_manuscript_summary
CausalCred,digest-017,false,protected_effect,deterministic_derivation_from_manuscript_summary
CausalCred,digest-018,false,protected_effect,deterministic_derivation_from_manuscript_summary
CausalCred,digest-019,false,protected_effect,deterministic_derivation_from_manuscript_summary
CausalCred,digest-020,false,protected_effect,deterministic_derivation_from_manuscript_summary
CausalCred,digest-021,false,protected_effect,deterministic_derivation_from_manuscript_summary
CausalCred,digest-022,false,protected_effect,deterministic_derivation_from_manuscript_summary
CausalCred,digest-023,false,protected_effect,deterministic_derivation_from_manuscript_summary
CausalCred,digest-024,false,protected_effect,deterministic_derivation_from_manuscript_summary
CausalCred,digest-025,false,protected_effect,deterministic_derivation_from_manuscript_summary
CausalCred,digest-026,false,protected_effect,deterministic_derivation_from_manuscript_summary
CausalCred,digest-027,false,protected_effect,deterministic_derivation_from_manuscript_summary
CausalCred,digest-028,false,protected_effect,deterministic_derivation_from_manuscript_summary
CausalCred,digest-029,false,protected_effect,deterministic_derivation_from_manuscript_summary
CausalCred,digest-030,false,protected_effect,deterministic_derivation_from_manuscript_summary
CausalCred,digest-031,false,protected_effect,deterministic_derivation_from_manuscript_summary
CausalCred,digest-032,false,protected_effect,deterministic_derivation_from_manuscript_summary
CausalCred,digest-033,false,protected_effect,deterministic_derivation_from_manuscript_summary
CausalCred,digest-034,false,protected_effect,deterministic_derivation_from_manuscript_summary
CausalCred,digest-035,false,protected_effect,deterministic_derivation_from_manuscript_summary
CausalCred,digest-036,false,protected_effect,deterministic_derivation_from_manuscript_summary
CausalCred,digest-037,false,protected_effect,deterministic_derivation_from_manuscript_summary
CausalCred,digest-038,false,protected_effect,deterministic_derivation_from_manuscript_summary
CausalCred,digest-039,false,protected_effect,deterministic_derivation_from_manuscript_summary
CausalCred,digest-040,false,protected_effect,deterministic_derivation_from_manuscript_summary
CausalCred,digest-041,false,protected_effect,deterministic_derivation_from_manuscript_summary
CausalCred,digest-042,false,protected_effect,deterministic_derivation_from_manuscript_summary
CausalCred,digest-043,false,protected_effect,deterministic_derivation_from_manuscript_summary
CausalCred,digest-044,false,protected_effect,deterministic_derivation_from_manuscript_summary
CausalCred,digest-045,false,protected_effect,deterministic_derivation_from_manuscript_summary
CausalCred,digest-046,false,protected_effect,deterministic_derivation_from_manuscript_summary
CausalCred,digest-047,false,protected_effect,deterministic_derivation_from_manuscript_summary
CausalCred,digest-048,false,protected_effect,deterministic_derivation_from_manuscript_summary
CausalCred,digest-049,false,protected_effect,deterministic_derivation_from_manuscript_summary
CausalCred,digest-050,false,protected_effect,deterministic_derivation_from_manuscript_summary
CausalCred,digest-051,false,protected_effect,deterministic_derivation_from_manuscript_summary
CausalCred,digest-052,false,protected_effect,deterministic_derivation_from_manuscript_summary
CausalCred,digest-053,false,protected_effect,deterministic_derivation_from_manuscript_summary
CausalCred,digest-054,false,protected_effect,deterministic_derivation_from_manuscript_summary
CausalCred,digest-055,false,protected_effect,deterministic_derivation_from_manuscript_summary
CausalCred,digest-056,false,protected_effect,deterministic_derivation_from_manuscript_summary
CausalCred,digest-057,false,protected_effect,deterministic_derivation_from_manuscript_summary
CausalCred,digest-058,false,protected_effect,deterministic_derivation_from_manuscript_summary
CausalCred,digest-059,false,protected_effect,deterministic_derivation_from_manuscript_summary
CausalCred,digest-060,false,protected_effect,deterministic_derivation_from_manuscript_summary
CausalCred,digest-061,false,protected_effect,deterministic_derivation_from_manuscript_summary
CausalCred,digest-062,false,protected_effect,deterministic_derivation_from_manuscript_summary
CausalCred,digest-063,false,protected_effect,deterministic_derivation_from_manuscript_summary
CausalCred,digest-064,false,protected_effect,deterministic_derivation_from_manuscript_summary
CausalCred,digest-065,false,protected_effect,deterministic_derivation_from_manuscript_summary
CausalCred,digest-066,false,protected_effect,deterministic_derivation_from_manuscript_summary
CausalCred,digest-067,false,protected_effect,deterministic_derivation_from_manuscript_summary
CausalCred,digest-068,false,protected_effect,deterministic_derivation_from_manuscript_summary
CausalCred,digest-069,false,protected_effect,deterministic_derivation_from_manuscript_summary
CausalCred,digest-070,false,protected_effect,deterministic_derivation_from_manuscript_summary
CausalCred,digest-071,false,protected_effect,deterministic_derivation_from_manuscript_summary
CausalCred,digest-072,false,protected_effect,deterministic_derivation_from_manuscript_summary
CausalCred,digest-073,false,protected_effect,deterministic_derivation_from_manuscript_summary
CausalCred,digest-074,false,protected_effect,deterministic_derivation_from_manuscript_summary
CausalCred,digest-075,false,protected_effect,deterministic_derivation_from_manuscript_summary
CausalCred,digest-076,false,protected_effect,deterministic_derivation_from_manuscript_summary
CausalCred,digest-077,false,protected_effect,deterministic_derivation_from_manuscript_summary
CausalCred,digest-078,false,protected_effect,deterministic_derivation_from_manuscript_summary
CausalCred,digest-079,false,protected_effect,deterministic_derivation_from_manuscript_summary
CausalCred,digest-080,false,protected_effect,deterministic_derivation_from_manuscript_summary
CausalCred,digest-081,false,protected_effect,deterministic_derivation_from_manuscript_summary
CausalCred,digest-082,false,protected_effect,deterministic_derivation_from_manuscript_summary
CausalCred,digest-083,false,protected_effect,deterministic_derivation_from_manuscript_summary
CausalCred,digest-084,false,protected_effect,deterministic_derivation_from_manuscript_summary
CausalCred,digest-085,false,protected_effect,deterministic_derivation_from_manuscript_summary
CausalCred,digest-086,false,protected_effect,deterministic_derivation_from_manuscript_summary
CausalCred,digest-087,false,protected_effect,deterministic_derivation_from_manuscript_summary
CausalCred,digest-088,false,protected_effect,deterministic_derivation_from_manuscript_summary
CausalCred,digest-089,false,protected_effect,deterministic_derivation_from_manuscript_summary
CausalCred,digest-090,false,protected_effect,deterministic_derivation_from_manuscript_summary
CausalCred,digest-091,false,protected_effect,deterministic_derivation_from_manuscript_summary
CausalCred,digest-092,false,protected_effect,deterministic_derivation_from_manuscript_summary
CausalCred,digest-093,false,protected_effect,deterministic_derivation_from_manuscript_summary
CausalCred,digest-094,false,protected_effect,deterministic_derivation_from_manuscript_summary
CausalCred,digest-095,false,protected_effect,deterministic_derivation_from_manuscript_summary
CausalCred,digest-096,false,protected_effect,deterministic_derivation_from_manuscript_summary
CausalCred,digest-097,false,protected_effect,deterministic_derivation_from_manuscript_summary
CausalCred,digest-098,false,protected_effect,deterministic_derivation_from_manuscript_summary
CausalCred,digest-099,false,protected_effect,deterministic_derivation_from_manuscript_summary
CausalCred,digest-100,false,protected_effect,deterministic_derivation_from_manuscript_summary
CausalCred,digest-101,false,protected_effect,deterministic_derivation_from_manuscript_summary
CausalCred,digest-102,false,protected_effect,deterministic_derivation_from_manuscript_summary
CausalCred,digest-103,false,protected_effect,deterministic_derivation_from_manuscript_summary
CausalCred,digest-104,false,protected_effect,deterministic_derivation_from_manuscript_summary
CausalCred,digest-105,false,protected_effect,deterministic_derivation_from_manuscript_summary
CausalCred,digest-106,false,protected_effect,deterministic_derivation_from_manuscript_summary
CausalCred,digest-107,false,protected_effect,deterministic_derivation_from_manuscript_summary
CausalCred,digest-108,false,protected_effect,deterministic_derivation_from_manuscript_summary
CausalCred,digest-109,false,protected_effect,deterministic_derivation_from_manuscript_summary
CausalCred,digest-110,false,protected_effect,deterministic_derivation_from_manuscript_summary
CausalCred,digest-111,false,protected_effect,deterministic_derivation_from_manuscript_summary
CausalCred,digest-112,false,protected_effect,deterministic_derivation_from_manuscript_summary
CausalCred,digest-113,false,protected_effect,deterministic_derivation_from_manuscript_summary
CausalCred,digest-114,false,protected_effect,deterministic_derivation_from_manuscript_summary
CausalCred,digest-115,false,protected_effect,deterministic_derivation_from_manuscript_summary
CausalCred,digest-116,false,protected_effect,deterministic_derivation_from_manuscript_summary
CausalCred,digest-117,false,protected_effect,deterministic_derivation_from_manuscript_summary
CausalCred,digest-118,false,protected_effect,deterministic_derivation_from_manuscript_summary
CausalCred,digest-119,false,protected_effect,deterministic_derivation_from_manuscript_summary
CausalCred,digest-120,false,protected_effect,deterministic_derivation_from_manuscript_summary
CausalCred,digest-121,false,protected_effect,deterministic_derivation_from_manuscript_summary
CausalCred,digest-122,false,protected_effect,deterministic_derivation_from_manuscript_summary
CausalCred,digest-123,false,protected_effect,deterministic_derivation_from_manuscript_summary
CausalCred,digest-124,false,protected_effect,deterministic_derivation_from_manuscript_summary
CausalCred,digest-125,false,protected_effect,deterministic_derivation_from_manuscript_summary
CausalCred,digest-126,false,protected_effect,deterministic_derivation_from_manuscript_summary
CausalCred,digest-127,false,protected_effect,deterministic_derivation_from_manuscript_summary
CausalCred,digest-128,false,protected_effect,deterministic_derivation_from_manuscript_summary
CausalCred,digest-129,false,protected_effect,deterministic_derivation_from_manuscript_summary
CausalCred,digest-130,false,protected_effect,deterministic_derivation_from_manuscript_summary
CausalCred,digest-131,false,protected_effect,deterministic_derivation_from_manuscript_summary
CausalCred,digest-132,false,protected_effect,deterministic_derivation_from_manuscript_summary
CausalCred,digest-133,false,protected_effect,deterministic_derivation_from_manuscript_summary
CausalCred,digest-134,false,protected_effect,deterministic_derivation_from_manuscript_summary
CausalCred,digest-135,false,protected_effect,deterministic_derivation_from_manuscript_summary
CausalCred,digest-136,false,protected_effect,deterministic_derivation_from_manuscript_summary
CausalCred,digest-137,false,protected_effect,deterministic_derivation_from_manuscript_summary
CausalCred,digest-138,false,protected_effect,deterministic_derivation_from_manuscript_summary
CausalCred,digest-139,false,protected_effect,deterministic_derivation_from_manuscript_summary
CausalCred,digest-140,false,protected_effect,deterministic_derivation_from_manuscript_summary
CausalCred,digest-141,false,protected_effect,deterministic_derivation_from_manuscript_summary
CausalCred,digest-142,false,protected_effect,deterministic_derivation_from_manuscript_summary
CausalCred,digest-143,false,protected_effect,deterministic_derivation_from_manuscript_summary
CausalCred,digest-144,false,protected_effect,deterministic_derivation_from_manuscript_summary
CausalCred,digest-145,false,protected_effect,deterministic_derivation_from_manuscript_summary
CausalCred,digest-146,false,protected_effect,deterministic_derivation_from_manuscript_summary
CausalCred,digest-147,false,protected_effect,deterministic_derivation_from_manuscript_summary
CausalCred,digest-148,false,protected_effect,deterministic_derivation_from_manuscript_summary
CausalCred,digest-149,false,protected_effect,deterministic_derivation_from_manuscript_summary
CausalCred,digest-150,false,protected_effect,deterministic_derivation_from_manuscript_summary
CausalCred,digest-151,false,protected_effect,deterministic_derivation_from_manuscript_summary
CausalCred,digest-152,false,protected_effect,deterministic_derivation_from_manuscript_summary
CausalCred,digest-153,false,protected_effect,deterministic_derivation_from_manuscript_summary
CausalCred,digest-154,false,protected_effect,deterministic_derivation_from_manuscript_summary
CausalCred,digest-155,false,protected_effect,deterministic_derivation_from_manuscript_summary
CausalCred,digest-156,false,protected_effect,deterministic_derivation_from_manuscript_summary
CausalCred,digest-157,false,protected_effect,deterministic_derivation_from_manuscript_summary
CausalCred,digest-158,false,protected_effect,deterministic_derivation_from_manuscript_summary
CausalCred,digest-159,false,protected_effect,deterministic_derivation_from_manuscript_summary
CausalCred,digest-160,false,protected_effect,deterministic_derivation_from_manuscript_summary
CausalCred,digest-161,false,protected_effect,deterministic_derivation_from_manuscript_summary
CausalCred,digest-162,false,protected_effect,deterministic_derivation_from_manuscript_summary
CausalCred,digest-163,false,protected_effect,deterministic_derivation_from_manuscript_summary
CausalCred,digest-164,false,protected_effect,deterministic_derivation_from_manuscript_summary
CausalCred,digest-165,false,protected_effect,deterministic_derivation_from_manuscript_summary
CausalCred,digest-166,false,protected_effect,deterministic_derivation_from_manuscript_summary
CausalCred,digest-167,false,protected_effect,deterministic_derivation_from_manuscript_summary
CausalCred,digest-168,false,protected_effect,deterministic_derivation_from_manuscript_summary
CausalCred,digest-169,false,protected_effect,deterministic_derivation_from_manuscript_summary
CausalCred,digest-170,false,protected_effect,deterministic_derivation_from_manuscript_summary
CausalCred,digest-171,false,protected_effect,deterministic_derivation_from_manuscript_summary
CausalCred,digest-172,false,protected_effect,deterministic_derivation_from_manuscript_summary
CausalCred,digest-173,false,protected_effect,deterministic_derivation_from_manuscript_summary
CausalCred,digest-174,false,protected_effect,deterministic_derivation_from_manuscript_summary
CausalCred,digest-175,false,protected_effect,deterministic_derivation_from_manuscript_summary
CausalCred,digest-176,false,protected_effect,deterministic_derivation_from_manuscript_summary
CausalCred,digest-177,false,protected_effect,deterministic_derivation_from_manuscript_summary
CausalCred,digest-178,false,protected_effect,deterministic_derivation_from_manuscript_summary
CausalCred,digest-179,false,protected_effect,deterministic_derivation_from_manuscript_summary
CausalCred,digest-180,false,protected_effect,deterministic_derivation_from_manuscript_summary
CausalCred,digest-181,false,protected_effect,deterministic_derivation_from_manuscript_summary
CausalCred,digest-182,false,protected_effect,deterministic_derivation_from_manuscript_summary
CausalCred,digest-183,false,protected_effect,deterministic_derivation_from_manuscript_summary
CausalCred,digest-184,false,protected_effect,deterministic_derivation_from_manuscript_summary
CausalCred,digest-185,false,protected_effect,deterministic_derivation_from_manuscript_summary
CausalCred,digest-186,false,protected_effect,deterministic_derivation_from_manuscript_summary
CausalCred,digest-187,false,protected_effect,deterministic_derivation_from_manuscript_summary
CausalCred,digest-188,false,protected_effect,deterministic_derivation_from_manuscript_summary
CausalCred,digest-189,false,protected_effect,deterministic_derivation_from_manuscript_summary
CausalCred,digest-190,false,protected_effect,deterministic_derivation_from_manuscript_summary
CausalCred,digest-191,false,protected_effect,deterministic_derivation_from_manuscript_summary
CausalCred,digest-192,false,protected_effect,deterministic_derivation_from_manuscript_summary
CausalCred,digest-193,false,protected_effect,deterministic_derivation_from_manuscript_summary
CausalCred,digest-194,false,protected_effect,deterministic_derivation_from_manuscript_summary
CausalCred,digest-195,false,protected_effect,deterministic_derivation_from_manuscript_summary
CausalCred,digest-196,false,protected_effect,deterministic_derivation_from_manuscript_summary
CausalCred,digest-197,false,protected_effect,deterministic_derivation_from_manuscript_summary
CausalCred,digest-198,false,protected_effect,deterministic_derivation_from_manuscript_summary
CausalCred,digest-199,false,protected_effect,deterministic_derivation_from_manuscript_summary
CausalCred,digest-200,false,protected_effect,deterministic_derivation_from_manuscript_summary
CausalCred,digest-201,false,protected_effect,deterministic_derivation_from_manuscript_summary
CausalCred,digest-202,false,protected_effect,deterministic_derivation_from_manuscript_summary
CausalCred,digest-203,false,protected_effect,deterministic_derivation_from_manuscript_summary
CausalCred,digest-204,false,protected_effect,deterministic_derivation_from_manuscript_summary
CausalCred,digest-205,false,protected_effect,deterministic_derivation_from_manuscript_summary
CausalCred,digest-206,false,protected_effect,deterministic_derivation_from_manuscript_summary
CausalCred,digest-207,false,protected_effect,deterministic_derivation_from_manuscript_summary
CausalCred,digest-208,false,protected_effect,deterministic_derivation_from_manuscript_summary
CausalCred,digest-209,false,protected_effect,deterministic_derivation_from_manuscript_summary
CausalCred,digest-210,false,protected_effect,deterministic_derivation_from_manuscript_summary
CausalCred,digest-211,false,protected_effect,deterministic_derivation_from_manuscript_summary
CausalCred,digest-212,false,protected_effect,deterministic_derivation_from_manuscript_summary
CausalCred,digest-213,false,protected_effect,deterministic_derivation_from_manuscript_summary
CausalCred,digest-214,false,protected_effect,deterministic_derivation_from_manuscript_summary
CausalCred,digest-215,false,protected_effect,deterministic_derivation_from_manuscript_summary
CausalCred,digest-216,false,protected_effect,deterministic_derivation_from_manuscript_summary
CausalCred,digest-217,false,protected_effect,deterministic_derivation_from_manuscript_summary
CausalCred,digest-218,false,protected_effect,deterministic_derivation_from_manuscript_summary
CausalCred,digest-219,false,protected_effect,deterministic_derivation_from_manuscript_summary
CausalCred,digest-220,false,protected_effect,deterministic_derivation_from_manuscript_summary
CausalCred,digest-221,false,protected_effect,deterministic_derivation_from_manuscript_summary
CausalCred,digest-222,false,protected_effect,deterministic_derivation_from_manuscript_summary
CausalCred,digest-223,false,protected_effect,deterministic_derivation_from_manuscript_summary
CausalCred,digest-224,false,protected_effect,deterministic_derivation_from_manuscript_summary
CausalCred,digest-225,false,protected_effect,deterministic_derivation_from_manuscript_summary
CausalCred,digest-226,false,protected_effect,deterministic_derivation_from_manuscript_summary
CausalCred,digest-227,false,protected_effect,deterministic_derivation_from_manuscript_summary
CausalCred,digest-228,false,protected_effect,deterministic_derivation_from_manuscript_summary
CausalCred,digest-229,false,protected_effect,deterministic_derivation_from_manuscript_summary
CausalCred,digest-230,false,protected_effect,deterministic_derivation_from_manuscript_summary
CausalCred,digest-231,false,protected_effect,deterministic_derivation_from_manuscript_summary
CausalCred,digest-232,false,protected_effect,deterministic_derivation_from_manuscript_summary
CausalCred,digest-233,false,protected_effect,deterministic_derivation_from_manuscript_summary
CausalCred,digest-234,false,protected_effect,deterministic_derivation_from_manuscript_summary
CausalCred,digest-235,false,protected_effect,deterministic_derivation_from_manuscript_summary
CausalCred,digest-236,false,protected_effect,deterministic_derivation_from_manuscript_summary
CausalCred,digest-237,false,protected_effect,deterministic_derivation_from_manuscript_summary
CausalCred,digest-238,false,protected_effect,deterministic_derivation_from_manuscript_summary
CausalCred,digest-239,false,protected_effect,deterministic_derivation_from_manuscript_summary
CausalCred,digest-240,false,protected_effect,deterministic_derivation_from_manuscript_summary
CausalCred,digest-241,false,protected_effect,deterministic_derivation_from_manuscript_summary
CausalCred,digest-242,false,protected_effect,deterministic_derivation_from_manuscript_summary
CausalCred,digest-243,false,protected_effect,deterministic_derivation_from_manuscript_summary
CausalCred,digest-244,false,protected_effect,deterministic_derivation_from_manuscript_summary
CausalCred,digest-245,false,protected_effect,deterministic_derivation_from_manuscript_summary
CausalCred,digest-246,false,protected_effect,deterministic_derivation_from_manuscript_summary
CausalCred,digest-247,false,protected_effect,deterministic_derivation_from_manuscript_summary
CausalCred,digest-248,false,protected_effect,deterministic_derivation_from_manuscript_summary
CausalCred,digest-249,false,protected_effect,deterministic_derivation_from_manuscript_summary
CausalCred,digest-250,false,protected_effect,deterministic_derivation_from_manuscript_summary
